date,open,high,low,close,volume,average,barCount
2021-03-31,290.0,296.5,288.61,294.53,11827282.0,294.143,63534
2021-04-01,298.69,302.4,296.6,298.66,12075094.0,299.301,66464
2021-04-05,300.89,310.77,300.68,308.91,19348447.0,307.345,102516
2021-04-06,308.52,311.35,305.25,306.26,11580066.0,307.479,62933
2021-04-07,306.33,314.25,305.5,313.09,16930798.0,311.19,82357
2021-04-08,314.84,315.88,310.05,313.02,14764855.0,312.282,78229
2021-04-09,311.37,314.74,310.33,312.46,10794341.0,312.287,54939
2021-04-12,311.02,312.15,307.93,311.54,6673784.0,310.363,38554
2021-04-13,312.33,314.43,309.32,309.76,8326939.0,311.92,45505
2021-04-14,307.37,308.03,301.95,302.82,10616568.0,304.321,57275
2021-04-15,306.34,310.14,304.1,307.82,9647022.0,307.736,52144
2021-04-16,308.26,308.95,304.61,306.18,7439051.0,306.087,38895
2021-04-19,305.03,307.7,300.56,302.24,8996002.0,302.943,49447
2021-04-20,301.99,305.1,297.21,302.65,11731849.0,301.414,59599
2021-04-21,301.93,301.98,297.39,301.47,9943661.0,299.518,54162
2021-04-22,301.33,302.92,296.04,296.52,10482076.0,299.64,57173
2021-04-23,298.69,302.59,297.15,301.13,12072814.0,300.15,62743
2021-04-26,303.34,305.8,301.56,303.04,11275148.0,303.288,55427
2021-04-27,304.28,305.34,301.11,303.57,10163656.0,303.974,54703
2021-04-28,307.5,310.92,305.37,307.1,19371498.0,307.843,112228
2021-04-29,330.17,331.81,321.61,329.51,40785411.0,326.676,200867
2021-04-30,326.18,329.82,324.5,325.08,17435905.0,326.486,89303
2021-05-03,326.17,328.55,321.84,322.58,12300170.0,324.513,68486
2021-05-04,320.02,322.19,313.12,318.36,15476057.0,315.789,80830
2021-05-05,318.17,321.06,314.49,315.02,9819601.0,317.678,52261
2021-05-06,314.52,320.24,313.27,320.02,12829499.0,317.21,67059
2021-05-07,322.57,322.94,318.75,319.08,10342931.0,320.561,61139
2021-05-10,314.35,314.67,304.83,305.97,16577468.0,307.982,89580
2021-05-11,300.75,306.84,299.69,306.53,11917513.0,303.768,70550
2021-05-12,301.13,304.96,298.19,302.55,15410995.0,301.842,87979
2021-05-13,306.09,308.86,302.77,305.26,11179473.0,305.811,61157
2021-05-14,309.54,316.85,309.08,315.94,13479981.0,313.84,69510
2021-05-17,313.69,315.68,311.58,315.46,9293697.0,313.751,51322
2021-05-18,315.69,316.5,309.81,309.96,9865096.0,313.696,51143
2021-05-19,304.0,314.66,303.57,313.59,12077721.0,310.16,63297
2021-05-20,313.57,319.25,313.16,318.61,10365458.0,317.365,60100
2021-05-21,319.29,319.93,315.81,316.23,8809765.0,317.725,50411
2021-05-24,318.21,325.95,318.03,324.63,10688783.0,324.064,57583
2021-05-25,327.06,329.18,324.8,327.79,11291354.0,327.515,54271
2021-05-26,328.2,329.83,325.82,327.66,6240646.0,327.544,35205
2021-05-27,327.77,333.78,326.76,332.75,10081955.0,330.791,56531
2021-05-28,331.0,332.87,328.33,328.73,7316004.0,330.467,42210
2021-06-01,330.09,331.42,326.64,329.13,7161386.0,328.973,41008
2021-06-02,330.59,331.87,327.12,329.15,7592061.0,329.524,38587
2021-06-03,325.79,327.38,323.48,326.04,8307768.0,325.701,44132
2021-06-04,326.1,332.46,325.18,330.35,8587815.0,329.958,43447
2021-06-07,329.89,337.69,328.93,336.58,13576044.0,334.29,61945
2021-06-08,336.76,338.3,332.24,333.68,9762393.0,334.529,51182
2021-06-09,335.67,336.8,330.0,330.25,8995588.0,333.081,46336
2021-06-10,330.44,333.94,328.54,332.46,8999860.0,331.546,44656
2021-06-11,332.58,332.83,328.93,331.26,7831824.0,330.54,36806
2021-06-14,331.9,336.82,329.81,336.77,8194895.0,334.685,38945
2021-06-15,336.96,339.92,335.03,336.75,10575161.0,336.994,57866
2021-06-16,336.61,337.55,328.72,331.08,11283585.0,333.171,62197
2021-06-17,330.48,337.98,330.15,336.51,11210411.0,335.447,58340
2021-06-18,334.37,336.15,329.0,329.66,12326720.0,332.472,58569
2021-06-21,330.75,332.92,327.65,332.29,6956090.0,331.199,37825
2021-06-22,332.69,339.92,332.6,339.03,10017305.0,336.245,49946
2021-06-23,339.35,343.42,338.2,340.59,9749204.0,341.062,49289
2021-06-24,341.89,344.9,341.79,343.18,8378149.0,343.457,39707
2021-06-25,342.31,344.12,339.68,341.37,8132373.0,341.242,43178
2021-06-28,342.41,358.14,341.77,355.64,19127915.0,351.118,105618
2021-06-29,356.26,356.74,349.05,351.89,15201455.0,351.757,74883
2021-06-30,351.75,352.92,347.17,347.71,9352404.0,348.776,50445
2021-07-01,346.57,354.67,346.45,354.39,12485928.0,351.231,61257
2021-07-02,355.1,356.44,352.62,354.7,7230469.0,354.33,40882
2021-07-06,356.4,358.79,349.18,352.78,8643699.0,353.059,46221
2021-07-07,355.14,356.49,350.0,350.49,10086792.0,352.751,47133
2021-07-08,345.63,348.33,342.56,345.65,9007658.0,345.518,48412
2021-07-09,345.68,350.71,345.26,350.42,7185232.0,348.948,43749
2021-07-12,351.0,354.19,349.64,353.16,6242062.0,352.418,38306
2021-07-13,351.5,358.49,348.8,352.09,7084131.0,352.455,42160
2021-07-14,354.61,355.2,346.73,347.63,8789157.0,349.389,51205
2021-07-15,349.38,349.55,340.22,344.46,9655364.0,343.126,61029
2021-07-16,344.83,345.99,340.14,341.16,6868417.0,341.993,40490
2021-07-19,337.89,339.79,334.54,336.95,8744185.0,336.643,52907
2021-07-20,338.15,343.45,334.5,341.66,6293208.0,340.256,36645
2021-07-21,341.5,346.52,341.25,346.23,5269553.0,344.376,31764
2021-07-22,346.51,351.54,345.21,351.19,7519559.0,349.162,47058
2021-07-23,360.91,375.33,357.19,369.79,24489939.0,368.49,138829
2021-07-26,369.29,374.44,368.22,372.46,9502993.0,372.034,53102
2021-07-27,372.0,373.15,364.55,367.81,9705692.0,367.74,52816
2021-07-28,374.65,377.55,366.93,373.28,15840146.0,372.669,85662
2021-07-29,361.1,365.52,356.74,358.32,22123484.0,359.619,119990
2021-07-30,353.79,360.73,352.94,356.3,10442698.0,356.923,60845
2021-08-02,358.0,359.4,350.74,351.95,8726195.0,353.535,46007
2021-08-03,352.73,353.77,347.7,351.24,8330117.0,350.469,46887
2021-08-04,352.34,360.48,351.51,358.92,8452935.0,356.819,47045
2021-08-05,359.46,363.9,356.9,362.97,6463289.0,360.983,40844
2021-08-06,361.13,365.15,361.13,363.51,5204247.0,363.09,30040
2021-08-09,363.41,365.78,360.75,361.61,4685416.0,362.448,27649
2021-08-10,361.65,364.1,359.04,361.13,4199012.0,361.438,25148
2021-08-11,362.15,362.36,357.81,359.96,4734102.0,359.761,27354
2021-08-12,358.45,363.0,357.11,362.65,4366278.0,360.815,26261
2021-08-13,362.78,364.67,361.48,363.18,4327854.0,363.029,25346
2021-08-16,362.89,366.95,357.38,366.56,7561689.0,363.058,43698
2021-08-17,362.75,364.67,355.07,358.45,8101826.0,359.571,46295
2021-08-18,356.4,359.86,355.15,355.45,5797197.0,357.606,35063
2021-08-19,351.47,357.57,351.0,355.12,7799978.0,354.908,46775
2021-08-20,354.13,359.99,353.31,359.37,5293052.0,357.464,30834
2021-08-23,358.94,365.69,358.88,363.35,6881021.0,363.783,41403
2021-08-24,363.66,367.96,361.84,365.51,5711346.0,365.698,32128
2021-08-25,365.6,370.86,365.4,368.39,5580347.0,368.569,31621
2021-08-26,368.38,369.44,364.13,364.38,4523145.0,366.46,27908
2021-08-27,365.59,373.74,364.08,372.63,6811218.0,370.944,37093
2021-08-30,372.53,381.49,370.52,380.66,9226992.0,377.778,46475
2021-08-31,379.76,382.76,378.8,379.38,6612826.0,380.237,35724
2021-09-01,379.59,384.33,378.81,382.05,7412297.0,382.3,38753
2021-09-02,381.5,381.75,374.06,375.28,9542012.0,376.61,54159
2021-09-03,374.43,377.16,373.11,376.26,4552201.0,375.844,27311
2021-09-07,376.0,382.96,373.15,382.18,7347536.0,379.507,40135
2021-09-08,380.46,380.87,374.79,377.57,7283248.0,377.428,36949
2021-09-09,377.8,379.83,376.56,378.0,6023197.0,378.428,32534
2021-09-10,381.05,383.79,378.26,378.69,7199400.0,381.118,39660
2021-09-13,381.77,381.85,374.34,376.51,7483019.0,376.53,41779
2021-09-14,377.4,378.59,375.11,376.53,5026451.0,376.768,27735
2021-09-15,377.03,377.56,367.67,373.92,11410195.0,371.373,61089
2021-09-16,372.99,373.56,369.71,373.06,7208223.0,371.521,41640
2021-09-17,371.5,371.5,361.59,364.72,13461721.0,366.15,65113
2021-09-20,359.3,361.03,349.8,355.7,12362869.0,354.405,67150
2021-09-21,358.62,360.04,355.19,357.48,7418170.0,357.937,40348
2021-09-22,347.21,349.84,340.69,343.21,29644300.0,344.113,159370
2021-09-23,345.32,349.67,343.0,345.96,15540821.0,346.72,74895
2021-09-24,343.51,354.35,342.37,352.96,12123349.0,350.099,64569
2021-09-27,350.01,355.15,347.08,353.58,10341100.0,351.804,52096
2021-09-28,347.97,349.6,338.92,340.65,14086579.0,342.159,76862
2021-09-29,342.96,345.23,338.88,339.61,9321049.0,341.432,49177
2021-09-30,340.44,342.8,338.15,339.39,10324320.0,340.897,55588
2021-10-01,341.71,345.02,338.64,343.01,9286064.0,342.681,49542
2021-10-04,335.75,335.94,322.7,326.23,29601400.0,326.442,145184
2021-10-05,328.26,335.18,326.16,332.96,25473485.0,332.021,116070
2021-10-06,329.4,334.38,325.8,333.64,19322700.0,330.961,87697
2021-10-07,336.95,338.84,328.98,329.22,20119690.0,333.849,94594
2021-10-08,331.76,333.4,328.71,330.05,10607582.0,331.295,55247
2021-10-11,327.63,330.46,325.31,325.45,9564962.0,328.233,49747
2021-10-12,323.19,324.38,317.37,323.77,22033086.0,320.736,101817
2021-10-13,326.96,327.0,322.66,324.54,8785653.0,324.828,47310
2021-10-14,328.32,330.52,327.1,328.53,8441830.0,328.538,46365
2021-10-15,328.56,329.07,322.51,324.76,14678960.0,324.685,76848
2021-10-18,328.95,335.89,327.5,335.34,13723853.0,332.712,71097
2021-10-19,339.77,342.46,337.28,339.99,12577098.0,339.882,67089
2021-10-20,343.45,343.98,339.45,340.78,9045770.0,341.094,48993
2021-10-21,340.35,342.31,337.8,341.88,7299191.0,340.957,39820
2021-10-22,326.35,329.63,321.11,324.61,24243542.0,323.842,130196
2021-10-25,320.25,329.56,319.72,328.69,21177066.0,325.244,105432
2021-10-26,328.26,330.21,309.64,315.81,47028182.0,317.937,234977
2021-10-27,314.11,319.25,312.06,312.22,20574830.0,314.849,98901
2021-10-28,312.99,325.52,308.11,316.92,38295960.0,317.436,174018
2021-10-29,320.19,326.0,319.6,323.57,25843611.0,323.527,117132
2021-11-01,326.03,333.45,326.0,329.98,19136431.0,330.352,91732
2021-11-02,331.43,334.79,323.8,328.08,19166951.0,328.69,94809
2021-11-03,327.49,332.15,323.2,331.62,13431411.0,328.738,66914
2021-11-04,334.01,337.28,332.65,335.85,14232908.0,335.197,75248
2021-11-05,340.41,346.79,339.64,341.13,16559288.0,342.564,88339
2021-11-08,344.42,344.79,338.34,338.62,10765094.0,341.089,54774
2021-11-09,339.86,341.31,334.47,335.37,10778025.0,336.595,57362
2021-11-10,332.66,333.19,325.51,327.64,13472450.0,329.53,71381
2021-11-11,329.55,332.46,327.0,327.74,7988559.0,329.749,44157
2021-11-12,330.18,341.86,329.78,340.89,14736549.0,337.743,76599
2021-11-15,344.54,353.65,343.2,347.56,16122731.0,349.307,85533
2021-11-16,343.77,346.65,340.87,342.96,10964888.0,343.588,59042
2021-11-17,344.23,347.28,340.1,340.77,8133805.0,342.404,44962
2021-11-18,339.72,342.46,335.3,338.69,11060384.0,338.738,61943
2021-11-19,342.35,352.1,339.9,345.3,18274217.0,347.237,85640
2021-11-22,349.05,353.83,340.51,341.01,17638561.0,347.027,91881
2021-11-23,338.93,341.4,333.5,337.25,10949756.0,337.085,58603
2021-11-24,336.06,341.78,332.81,341.06,8487530.0,338.914,43164
2021-11-26,336.01,337.75,331.9,333.12,7876200.0,334.563,43624
2021-11-29,336.87,340.67,335.3,338.03,10647050.0,338.328,60027
2021-11-30,335.0,335.81,323.43,324.46,15207060.0,328.876,78914
2021-12-01,330.24,330.5,310.29,310.6,20285785.0,320.171,111411
2021-12-02,311.4,314.6,307.2,310.39,15777784.0,310.122,89454
2021-12-03,313.5,313.75,299.5,306.84,17707648.0,304.827,90593
2021-12-06,308.13,320.1,306.34,317.87,13195587.0,315.133,72850
2021-12-07,321.57,326.54,321.0,322.81,11018096.0,323.711,62577
2021-12-08,324.75,332.75,323.07,330.56,11835530.0,330.245,65248
2021-12-09,329.54,336.13,328.0,329.82,10730751.0,332.584,58913
2021-12-10,332.56,335.03,326.37,329.75,9135149.0,329.552,51367
2021-12-13,330.61,341.09,329.59,334.49,15362721.0,336.372,84420
2021-12-14,328.27,335.7,327.65,333.74,12383812.0,332.073,69073
2021-12-15,332.98,342.11,323.98,341.66,15400853.0,332.806,86773
2021-12-16,338.98,344.46,333.74,334.9,12792833.0,338.629,74121
2021-12-17,332.88,337.11,330.75,333.79,12979399.0,334.134,69971
2021-12-20,329.65,329.9,322.53,325.45,10396818.0,324.696,59739
2021-12-21,326.43,336.0,323.75,334.2,9717372.0,330.689,52120
2021-12-22,333.95,334.51,328.26,330.45,10892211.0,331.433,62046
2021-12-23,330.1,336.67,328.36,335.24,9104649.0,334.1,48837
2021-12-27,338.91,347.87,338.01,346.18,10276703.0,344.981,53941
2021-12-28,346.69,352.71,345.2,346.22,10028644.0,348.607,54668
2021-12-29,346.91,349.69,341.64,342.94,6411509.0,344.015,37872
2021-12-30,344.01,347.23,343.22,344.36,6673717.0,345.417,37702
2021-12-31,343.0,343.44,336.27,336.35,7405119.0,339.982,41668
2022-01-03,338.3,341.09,337.19,338.54,7526506.0,339.128,41789
2022-01-04,339.31,343.09,331.87,336.53,8745081.0,337.075,46444
2022-01-05,332.91,335.76,323.84,324.17,11172728.0,329.64,64303
2022-01-06,322.82,339.17,322.72,332.46,16819511.0,333.57,91470
2022-01-07,332.73,337.0,328.88,331.79,8838284.0,332.993,47393
2022-01-10,325.25,328.34,315.43,328.07,14809005.0,321.789,81357
2022-01-11,326.78,334.63,325.28,334.37,10328229.0,331.118,58523
2022-01-12,335.18,336.37,330.03,333.26,8119739.0,333.113,43666
2022-01-13,334.99,335.63,325.76,326.48,8502136.0,330.0,48166
2022-01-14,321.79,332.73,321.21,331.9,10277434.0,329.824,55311
2022-01-18,323.29,324.21,317.64,318.15,13199279.0,320.311,74615
2022-01-19,319.63,327.1,319.33,319.59,11713912.0,322.7,63827
2022-01-20,323.9,327.82,315.98,316.56,9732804.0,323.35,54649
2022-01-21,314.75,318.31,303.04,303.17,17109114.0,310.261,98418
2022-01-24,297.96,309.53,289.01,308.71,24114854.0,298.602,115967
2022-01-25,299.88,306.23,297.58,300.15,14969569.0,301.386,76882
2022-01-26,306.99,307.51,290.85,294.63,17029325.0,299.453,98210
2022-01-27,298.06,301.71,294.26,294.64,13247111.0,297.601,74664
2022-01-28,295.62,301.9,293.03,301.71,13754631.0,297.154,68333
2022-01-31,300.68,313.79,299.32,313.26,11488091.0,307.823,58464
2022-02-01,314.8,319.66,312.12,319.0,9916923.0,315.936,51573
2022-02-02,327.82,328.0,316.87,323.0,23199690.0,322.497,110455
2022-02-03,244.65,248.0,235.74,237.76,128339887.0,241.354,599299
2022-02-04,234.96,242.61,230.11,237.09,61501237.0,235.778,283510
2022-02-07,237.7,238.3,224.01,224.91,63592622.0,228.287,269795
2022-02-08,220.91,225.77,216.15,220.18,69656542.0,220.794,296292
2022-02-09,224.2,233.37,222.21,232.0,61879038.0,228.55,257970
2022-02-10,228.36,235.0,226.7,228.07,32844172.0,230.832,144249
2022-02-11,228.4,230.42,218.77,219.55,30510763.0,223.199,130597
2022-02-14,219.31,221.0,214.87,217.7,26372314.0,217.811,133415
2022-02-15,220.47,221.15,215.06,221.0,28779035.0,218.3,131446
2022-02-16,212.4,217.46,212.36,216.54,30230452.0,215.059,137075
2022-02-17,214.01,217.5,207.16,207.71,26103259.0,212.314,116173
2022-02-18,209.34,210.75,205.18,206.16,24290924.0,207.373,111492
2022-02-22,202.19,207.48,200.06,202.08,27085475.0,203.31,133181
2022-02-23,204.16,206.94,198.05,198.45,31245647.0,201.53,134284
2022-02-24,190.98,208.35,190.22,207.6,35756621.0,199.576,164866
2022-02-25,204.94,211.32,203.18,210.48,25210802.0,208.477,123214
2022-02-28,207.78,213.16,206.83,211.03,20465595.0,209.535,99305
2022-03-01,209.91,211.76,202.22,203.49,16881059.0,206.759,78954
2022-03-02,204.63,209.15,202.02,208.11,19825729.0,206.155,88559
2022-03-03,208.9,209.08,201.42,202.97,18507263.0,204.953,80869
2022-03-04,202.29,205.89,198.79,200.06,21862037.0,200.47,92754
2022-03-07,200.79,200.89,187.28,187.47,25772317.0,191.576,121228
2022-03-08,187.98,196.7,186.11,190.29,24004489.0,191.536,115208
2022-03-09,195.74,199.1,193.92,198.5,21889284.0,196.909,86089
2022-03-10,194.73,196.28,191.06,195.21,15275093.0,193.828,77158
2022-03-11,192.6,193.56,186.67,187.61,22835244.0,189.436,112366
2022-03-14,187.17,192.29,185.82,186.63,20527472.0,188.568,100107
2022-03-15,190.78,192.28,185.91,192.03,20130719.0,188.921,99020
2022-03-16,194.7,203.73,194.52,203.63,24662469.0,198.968,123002
2022-03-17,201.7,208.04,201.11,207.84,19321124.0,204.846,95600
2022-03-18,206.71,216.8,206.0,216.49,26868334.0,212.378,128424
2022-03-21,214.44,214.71,207.63,211.49,18677587.0,210.644,88256
2022-03-22,211.37,219.46,210.18,216.65,20992913.0,216.452,97964
2022-03-23,213.36,216.8,212.16,213.46,15413801.0,214.623,74562
2022-03-24,214.75,220.67,214.75,219.57,21137312.0,218.164,101936
2022-03-25,220.44,225.5,218.89,221.82,27277019.0,221.625,119387
2022-03-28,221.98,224.04,219.54,223.59,16295443.0,221.942,74992
2022-03-29,226.04,230.89,225.29,229.86,21409169.0,228.313,96807
2022-03-30,228.73,231.16,226.71,227.85,18098348.0,228.909,81715
2022-03-31,228.45,228.49,222.26,222.36,14072595.0,225.04,70540
2022-04-01,224.55,227.28,222.7,224.85,13532801.0,224.584,65230
2022-04-04,225.97,234.36,225.85,233.89,18026910.0,232.37,90407
2022-04-05,234.08,236.86,231.02,231.84,21322976.0,233.173,101289
2022-04-06,227.12,228.99,221.4,223.3,19958481.0,224.075,98655
2022-04-07,223.91,225.52,218.56,222.95,12380066.0,222.208,64693
2022-04-08,222.38,225.13,220.02,222.33,12104563.0,223.203,59043
2022-04-11,218.42,220.61,215.21,216.46,13695046.0,217.978,69601
2022-04-12,220.23,222.03,213.13,214.14,13399494.0,217.027,72631
2022-04-13,211.79,216.61,211.33,214.99,12905392.0,215.009,66960
2022-04-14,214.87,214.99,210.0,210.18,11222977.0,212.46,56175
2022-04-18,210.18,213.38,208.3,210.77,11345065.0,210.62,53963
2022-04-19,210.43,218.43,209.0,217.31,13948844.0,215.606,64344
2022-04-20,213.61,214.16,198.92,200.42,31487578.0,203.635,151731
2022-04-21,201.5,202.97,185.58,188.07,35389254.0,192.15,170867
2022-04-22,190.47,192.72,183.27,184.11,24442215.0,186.511,121961
2022-04-25,182.73,187.18,181.65,186.99,20375786.0,184.361,96904
2022-04-26,186.6,187.19,179.5,180.95,20829457.0,181.906,105052
2022-04-27,174.9,181.21,169.0,174.95,41428682.0,175.469,186013
2022-04-28,202.92,208.53,192.9,205.73,75786851.0,201.935,326033
2022-04-29,204.46,212.48,199.9,200.47,36179629.0,206.759,163278
2022-05-02,201.16,211.88,200.99,211.13,38125225.0,206.944,164712
2022-05-03,210.46,214.9,208.09,212.03,32212453.0,211.7,134324
2022-05-04,210.65,224.3,206.96,223.41,29980917.0,214.687,135912
2022-05-05,218.85,220.17,206.16,208.28,29389911.0,210.62,144991
2022-05-06,207.45,209.38,201.02,203.77,25117329.0,205.938,119495
2022-05-09,199.84,202.57,195.58,196.21,24113477.0,198.612,109285
2022-05-10,199.51,202.96,194.19,197.65,23782105.0,198.594,109391
2022-05-11,196.4,200.68,188.27,188.74,20837626.0,193.075,104342
2022-05-12,187.06,198.05,184.78,191.24,27387890.0,190.56,135491
2022-05-13,192.58,199.89,191.28,198.62,16320205.0,197.077,83910
2022-05-16,197.15,205.37,195.93,200.04,19337094.0,201.359,93183
2022-05-17,202.18,205.46,198.36,202.62,17354013.0,201.913,82349
2022-05-18,199.71,201.0,191.63,192.24,15781477.0,196.054,78065
2022-05-19,191.5,195.29,189.6,191.29,17131702.0,192.766,84835
2022-05-20,194.88,197.91,187.87,193.54,22109912.0,192.784,104816
2022-05-23,195.19,197.0,191.24,196.23,15872375.0,194.784,77248
2022-05-24,180.55,183.68,176.11,181.28,37252049.0,179.032,176628
2022-05-25,180.53,185.45,179.32,183.83,19564333.0,182.396,98305
2022-05-26,182.88,192.84,182.26,191.63,15849527.0,189.338,81893
2022-05-27,191.36,195.34,189.8,195.13,16143710.0,193.331,77256
2022-05-31,194.84,197.6,192.01,193.64,14909166.0,195.201,74899
2022-06-01,196.75,199.53,185.0,188.64,25892412.0,191.505,131386
2022-06-02,188.45,200.94,187.73,198.86,23221892.0,195.852,115329
2022-06-03,195.9,196.61,189.78,190.78,13214509.0,192.145,68474
2022-06-06,193.99,196.92,188.4,194.25,23687144.0,193.28,106639
2022-06-07,191.9,196.53,191.49,195.65,13326009.0,194.387,62974
2022-06-08,194.67,202.03,194.41,196.64,16022029.0,198.551,77767
2022-06-09,194.44,199.45,183.68,184.0,16957238.0,191.344,86304
2022-06-10,183.04,183.1,175.02,175.57,17180370.0,177.536,85739
2022-06-13,170.59,172.58,164.03,164.26,20700615.0,167.518,96468
2022-06-14,165.86,166.75,161.36,163.73,17491291.0,163.773,78542
2022-06-15,167.19,172.16,163.97,169.35,20529819.0,167.329,98573
2022-06-16,163.72,165.08,159.61,160.87,17280043.0,161.16,87283
2022-06-17,161.77,165.9,159.9,163.74,16956763.0,163.111,79826
2022-06-21,166.21,167.76,155.97,157.05,39062927.0,160.217,162506
2022-06-22,158.38,160.79,155.44,155.85,34120207.0,158.48,142658
2022-06-23,156.24,159.75,154.25,158.75,29358665.0,157.179,126498
2022-06-24,161.72,170.25,161.3,170.16,30164823.0,167.435,129452
2022-06-27,171.32,171.75,168.01,169.49,21222762.0,169.583,85358
2022-06-28,169.9,171.3,160.61,160.68,19737107.0,165.495,94595
2022-06-29,163.57,166.33,160.32,163.94,21397440.0,163.439,98056
2022-06-30,162.15,165.23,158.49,161.25,26460527.0,162.389,122439
2022-07-01,160.31,160.62,155.0,160.03,24605134.0,157.629,99837
2022-07-05,158.0,168.25,157.02,168.19,21290552.0,163.577,89334
2022-07-06,168.19,171.59,165.46,169.77,16927866.0,168.566,75336
2022-07-07,169.45,172.72,167.78,172.19,17775089.0,170.749,75856
2022-07-08,169.92,172.4,168.15,170.88,14536904.0,170.667,62301
2022-07-11,167.01,167.49,161.91,162.88,15118407.0,163.632,68476
2022-07-12,164.78,165.92,162.1,163.27,11468836.0,163.963,55517
2022-07-13,160.15,164.98,159.61,163.49,10886487.0,162.937,50927
2022-07-14,161.22,162.59,157.28,158.05,15737345.0,158.371,69908
2022-07-15,160.58,164.98,159.82,164.7,15061544.0,163.05,69193
2022-07-18,166.76,171.69,165.64,167.23,16164290.0,168.607,71630
2022-07-19,170.37,176.49,169.51,175.78,18307415.0,173.919,88181
2022-07-20,177.12,183.6,176.7,183.09,17896739.0,180.745,85083
2022-07-21,180.65,183.85,178.87,183.17,18138781.0,182.024,89948
2022-07-22,173.07,175.6,168.41,169.27,31515785.0,171.11,136576
2022-07-25,169.02,170.57,164.8,166.65,17906957.0,167.119,82384
2022-07-26,165.94,166.0,157.95,159.15,18611541.0,161.009,84214
2022-07-27,162.59,170.87,162.02,169.58,24640213.0,167.448,106017
2022-07-28,161.06,161.51,154.85,160.72,54050923.0,158.446,231016
2022-07-29,157.71,160.14,155.17,159.1,30752566.0,157.707,126783
2022-08-01,157.25,165.19,155.23,159.93,31180933.0,160.85,122114
2022-08-02,158.32,162.24,158.01,160.19,19654540.0,160.106,82138
2022-08-03,162.69,169.54,161.57,168.8,23422603.0,167.336,106225
2022-08-04,168.25,172.15,166.8,170.57,16978879.0,169.442,75805
2022-08-05,166.99,171.62,165.8,167.11,19246247.0,167.835,81850
2022-08-08,167.88,177.51,167.13,170.25,20623970.0,172.637,92104
2022-08-09,168.91,169.53,166.6,168.53,12971548.0,167.742,60804
2022-08-10,175.73,180.48,173.95,178.34,22001915.0,177.999,102915
2022-08-11,179.71,183.1,176.37,177.49,17318040.0,179.358,81298
2022-08-12,180.75,181.46,178.91,180.5,14698576.0,180.118,61166
2022-08-15,178.98,181.44,178.21,180.89,11464395.0,180.311,54283
2022-08-16,179.39,180.99,177.03,179.47,14704233.0,178.975,69950
2022-08-17,176.76,178.14,174.17,174.85,14385741.0,175.701,69824
2022-08-18,174.34,175.76,171.86,174.66,14029334.0,174.366,67431
2022-08-19,170.35,172.32,167.05,167.96,18377538.0,168.674,82709
2022-08-22,165.39,165.49,162.26,163.05,13195668.0,163.267,68156
2022-08-23,162.48,165.05,160.7,161.11,12713320.0,162.393,59920
2022-08-24,160.54,165.46,159.77,163.26,14447549.0,163.263,62212
2022-08-25,165.12,168.88,164.02,168.78,10748122.0,167.064,50774
2022-08-26,168.48,170.92,161.67,161.78,16800130.0,164.608,73495
2022-08-29,160.66,163.05,159.01,159.17,12573019.0,160.719,59208
2022-08-30,160.24,161.66,155.91,157.16,13937197.0,157.743,67614
2022-08-31,167.07,167.84,162.14,162.93,28420122.0,164.807,142847
2022-09-01,163.55,167.36,160.34,165.36,22993487.0,163.555,111174
2022-09-02,167.39,167.93,159.22,160.32,15956552.0,163.041,78931
2022-09-06,160.1,161.69,157.69,158.54,13440548.0,159.108,64497
2022-09-07,157.76,160.96,156.81,160.39,11429483.0,159.065,57734
2022-09-08,158.81,162.23,157.74,162.06,16551443.0,160.601,76636
2022-09-09,163.22,169.54,163.02,169.15,16310768.0,167.697,83335
2022-09-12,167.4,171.39,167.28,168.96,15984083.0,168.935,76977
2022-09-13,161.6,161.63,152.67,153.13,31782721.0,156.252,152273
2022-09-14,153.28,153.54,149.05,151.47,31703073.0,150.811,133613
2022-09-15,149.8,154.2,148.7,149.55,25672801.0,150.848,107705
2022-09-16,148.35,148.58,144.29,146.29,27471090.0,146.164,110701
2022-09-19,145.24,148.58,145.1,148.02,16239311.0,146.884,67233
2022-09-20,145.75,148.84,145.22,146.09,17073605.0,146.991,74650
2022-09-21,146.48,149.6,142.0,142.12,29718170.0,145.189,120958
2022-09-22,141.54,144.58,140.87,142.82,24010625.0,142.793,108211
2022-09-23,141.5,142.62,138.89,140.41,21682319.0,140.231,98859
2022-09-26,140.24,142.24,136.19,136.37,20338831.0,138.603,92762
2022-09-27,137.97,139.42,134.12,134.4,22098585.0,136.077,99574
2022-09-28,134.68,142.03,134.27,141.61,23797451.0,139.112,103072
2022-09-29,139.52,139.84,135.2,136.41,29823400.0,136.949,110503
2022-09-30,136.35,140.99,135.5,135.68,23965917.0,138.027,99375
2022-10-03,137.17,139.62,136.1,138.61,19733090.0,137.979,83782
2022-10-04,140.38,142.4,139.34,140.28,23748078.0,140.694,104369
2022-10-05,138.33,140.21,134.78,138.98,21226954.0,137.32,96540
2022-10-06,137.73,141.45,136.6,139.07,24851789.0,139.416,104696
2022-10-07,136.75,138.29,132.44,133.45,23651273.0,134.439,103569
2022-10-10,133.74,136.11,131.87,133.79,17425878.0,133.807,75827
2022-10-11,131.62,132.66,126.99,128.54,27868063.0,129.181,117157
2022-10-12,128.35,129.67,126.25,127.5,26418537.0,127.646,103065
2022-10-13,123.53,131.14,122.53,130.29,24933558.0,127.709,112713
2022-10-14,131.03,131.79,126.52,126.76,16415885.0,128.22,71743
2022-10-17,130.18,134.79,130.18,134.04,19668876.0,132.918,96609
2022-10-18,137.0,137.84,131.4,132.8,19526222.0,133.758,83305
2022-10-19,132.99,137.0,132.22,133.23,23695807.0,134.023,101591
2022-10-20,132.93,136.77,131.31,131.53,17873493.0,133.788,87244
2022-10-21,126.31,130.12,125.44,130.01,33558520.0,128.161,144386
2022-10-24,127.38,133.48,124.57,129.72,49630324.0,129.464,212308
2022-10-25,130.83,138.35,130.59,137.51,28356006.0,135.587,112809
2022-10-26,131.61,135.55,128.53,129.82,37671302.0,131.386,162344
2022-10-27,98.0,102.5,96.38,97.94,183110022.0,99.587,665184
2022-10-28,99.57,100.85,97.51,99.2,75238541.0,99.311,296294
2022-10-31,98.15,99.32,92.6,93.16,98522288.0,94.213,367533
2022-11-01,94.33,97.49,93.55,95.2,93602976.0,95.505,318205
2022-11-02,94.24,95.2,90.48,90.54,57136665.0,92.984,211927
2022-11-03,90.1,90.46,88.41,88.91,47335482.0,89.377,187583
2022-11-04,90.33,91.39,88.09,90.79,39061813.0,89.589,165894
2022-11-07,94.81,96.88,93.1,96.72,66844003.0,95.46,250432
2022-11-08,95.9,97.8,94.79,96.47,39645536.0,96.162,160877
2022-11-09,101.71,104.9,100.74,101.47,81090429.0,102.89,332413
2022-11-10,107.12,112.75,104.61,111.87,60206523.0,109.407,263471
2022-11-11,109.24,114.9,108.81,113.02,46323724.0,112.702,184232
2022-11-14,110.99,116.27,110.8,114.22,37047675.0,114.432,148897
2022-11-15,116.07,118.74,114.41,117.08,38326144.0,117.007,154353
2022-11-16,114.49,116.08,112.66,113.23,24522826.0,113.612,101392
2022-11-17,110.47,112.33,109.8,111.45,23715206.0,111.23,98422
2022-11-18,113.8,114.32,110.62,112.05,25405281.0,112.281,102242
2022-11-21,111.31,112.37,109.19,109.86,16702098.0,110.292,74683
2022-11-22,109.86,111.62,108.32,111.44,21857576.0,110.273,84421
2022-11-23,111.66,112.67,110.73,112.24,16026576.0,111.94,69368
2022-11-25,111.2,112.73,111.02,111.41,8784486.0,111.502,37694
2022-11-28,110.78,112.04,108.38,108.78,16704641.0,109.564,74218
2022-11-29,109.53,110.94,108.54,109.46,17289145.0,109.654,78874
2022-11-30,109.47,118.16,109.38,118.1,29449161.0,113.981,131776
2022-12-01,119.17,121.2,118.4,120.44,24774668.0,119.99,106553
2022-12-02,117.79,124.04,117.61,123.49,29545903.0,122.019,126335
2022-12-05,121.81,124.67,121.35,122.43,27223686.0,122.726,108836
2022-12-06,119.9,120.55,113.74,114.12,34104673.0,115.528,148346
2022-12-07,113.89,115.88,112.88,113.93,19249041.0,114.004,80318
2022-12-08,116.39,117.34,114.59,115.33,19912135.0,115.646,86708
2022-12-09,115.25,117.54,113.87,115.9,17630314.0,116.19,75713
2022-12-12,115.2,115.72,113.14,114.71,15477220.0,114.207,63177
2022-12-13,121.98,123.3,118.64,120.15,30198442.0,120.933,127963
2022-12-14,119.37,124.14,119.37,121.59,26045525.0,121.955,111543
2022-12-15,118.32,118.63,114.01,116.15,23818884.0,115.964,103475
2022-12-16,120.33,123.31,118.82,119.43,39569548.0,120.655,149665
2022-12-19,116.83,117.8,114.33,114.48,21143667.0,115.733,95310
2022-12-20,113.26,117.33,112.46,117.09,20898218.0,115.668,94181
2022-12-21,116.66,120.34,115.62,119.76,14367540.0,119.089,69379
2022-12-22,117.29,118.62,114.38,117.12,15252173.0,116.218,72584
2022-12-23,116.03,118.18,115.53,118.04,12607682.0,117.241,58720
2022-12-27,117.89,118.6,116.05,116.88,14040451.0,117.347,69251
2022-12-28,116.26,118.15,115.51,115.62,14141868.0,116.601,70704
2022-12-29,116.52,121.03,115.77,120.26,16627765.0,119.564,79515
2022-12-30,118.18,120.42,117.74,120.34,13082011.0,118.979,63273
2023-01-03,122.78,126.37,122.28,124.74,25612872.0,124.222,111183
2023-01-04,127.38,129.05,125.85,127.37,23011835.0,127.42,104930
2023-01-05,126.13,128.52,124.54,126.94,18081779.0,126.55,85261
2023-01-06,128.85,130.33,126.04,130.02,18959669.0,128.859,88470
2023-01-09,131.12,132.95,129.28,129.47,18378604.0,130.975,88238
2023-01-10,127.27,133.44,127.15,132.99,19488770.0,131.502,91531
2023-01-11,130.87,133.85,130.34,132.89,16864114.0,132.553,79221
2023-01-12,133.32,137.68,131.76,136.71,22694283.0,135.392,104275
2023-01-13,134.97,137.39,134.83,136.98,14078213.0,136.369,71990
2023-01-17,136.25,136.75,134.25,135.36,14012283.0,135.533,70432
2023-01-18,135.82,137.25,132.8,133.02,14432163.0,134.46,78364
2023-01-19,132.51,137.45,132.14,136.15,20755424.0,135.444,90886
2023-01-20,135.89,139.94,134.61,139.37,20587893.0,138.01,93226
2023-01-23,139.33,143.76,138.66,143.27,19060252.0,142.15,93352
2023-01-24,141.85,145.0,141.36,143.14,15760657.0,143.641,81223
2023-01-25,141.22,143.17,140.31,141.5,19880163.0,141.851,95121
2023-01-26,144.4,147.51,143.3,147.3,18307762.0,145.682,94342
2023-01-27,148.17,153.19,147.39,151.74,26268166.0,150.866,134766
2023-01-30,149.46,151.13,146.95,147.06,19752631.0,148.466,104025
2023-01-31,148.05,149.88,147.52,148.97,18633361.0,148.395,94773
2023-02-01,148.03,153.58,147.06,153.12,26868820.0,150.316,133769
2023-02-02,183.51,197.16,180.16,188.77,118149601.0,188.545,491160
2023-02-03,183.23,196.77,182.89,186.53,59957790.0,190.86,270699
2023-02-06,186.54,190.7,185.51,186.06,31529439.0,187.789,142961
2023-02-07,185.62,193.78,184.4,191.62,35187765.0,189.348,152025
2023-02-08,189.92,190.83,182.92,183.43,26700284.0,185.728,130264
2023-02-09,186.05,186.65,177.27,177.92,28316398.0,181.159,134708
2023-02-10,176.37,178.89,173.35,174.15,23936619.0,175.702,116148
2023-02-13,178.19,181.0,175.82,179.43,22572413.0,179.102,101297
2023-02-14,177.16,181.51,175.88,179.48,16858719.0,179.441,83495
2023-02-15,176.35,178.19,175.33,177.16,16856840.0,176.543,87259
2023-02-16,172.75,175.85,171.79,172.44,17102191.0,174.001,92380
2023-02-17,170.23,173.18,169.7,172.88,14992958.0,171.435,79878
2023-02-21,174.18,178.17,171.88,172.08,23659027.0,174.097,111599
2023-02-22,171.06,172.76,169.69,171.12,14947365.0,171.322,75771
2023-02-23,172.2,173.69,169.38,172.04,12930707.0,171.724,68492
2023-02-24,168.54,170.72,167.66,170.39,13984424.0,169.256,67802
2023-02-27,171.8,173.12,169.06,169.54,12265644.0,170.468,61272
2023-02-28,171.91,177.55,171.87,174.94,30344198.0,175.386,141537
2023-03-01,174.59,177.85,173.31,173.42,21283168.0,175.834,101523
2023-03-02,172.24,175.01,171.43,174.53,12350500.0,173.231,66191
2023-03-03,179.0,186.62,177.05,185.25,33189429.0,183.344,153758
2023-03-06,188.0,189.66,184.64,184.9,23135039.0,187.284,110992
2023-03-07,189.0,190.24,184.01,184.51,26827089.0,186.474,125225
2023-03-08,182.82,185.26,181.34,184.97,14561755.0,183.335,72330
2023-03-09,186.32,188.93,180.3,181.69,19436561.0,184.459,92352
2023-03-10,181.01,184.77,178.8,179.51,18161470.0,181.49,92540
2023-03-13,177.91,183.78,174.82,180.9,16923010.0,180.892,88473
2023-03-14,187.54,194.32,186.56,194.02,29877594.0,191.485,139466
2023-03-15,192.95,197.78,190.83,197.75,29524072.0,194.16,143212
2023-03-16,198.25,205.76,196.08,204.93,36846628.0,200.225,175145
2023-03-17,200.23,201.9,195.43,195.61,26831563.0,198.6,132407
2023-03-20,198.48,199.36,193.64,197.81,17129499.0,196.559,84322
2023-03-21,203.2,203.55,197.95,202.16,21654829.0,200.643,104667
2023-03-22,202.5,207.37,199.67,199.81,20813313.0,203.736,94413
2023-03-23,202.84,207.88,202.15,204.28,19091623.0,205.381,87783
2023-03-24,205.18,207.58,203.55,206.01,20888893.0,205.443,97123
2023-03-27,204.81,205.86,201.36,202.84,12519502.0,203.352,63980
2023-03-28,200.29,201.03,197.9,200.68,13795221.0,199.472,71072
2023-03-29,203.44,205.72,202.53,205.35,12959324.0,204.36,67354
2023-03-30,203.28,208.09,202.82,207.84,15994581.0,206.594,76167
2023-03-31,207.24,212.17,206.77,211.94,16205543.0,210.013,81031
2023-04-03,208.85,213.49,208.2,213.07,12843432.0,210.985,65095
2023-04-04,213.39,216.24,212.54,214.72,14687141.0,214.16,72211
2023-04-05,214.28,215.19,209.94,211.48,13473343.0,211.951,67268
2023-04-06,209.17,216.94,208.65,216.1,19077892.0,213.886,94089
2023-04-10,214.8,215.66,210.66,214.75,11165818.0,213.201,57277
2023-04-11,215.48,216.02,213.41,213.85,11291683.0,214.818,61607
2023-04-12,214.84,216.84,212.58,214.0,13837086.0,214.963,67669
2023-04-13,215.73,221.15,215.69,220.35,17292321.0,219.143,78487
2023-04-14,217.88,222.11,217.55,221.49,15938941.0,220.108,74002
2023-04-17,219.79,220.98,217.13,218.86,9894723.0,219.048,52600
2023-04-18,219.91,220.44,216.21,217.89,8082843.0,217.961,44925
2023-04-19,213.47,217.33,212.93,215.7,10255086.0,215.543,59074
2023-04-20,213.49,216.75,212.77,213.07,9542203.0,214.659,52736
2023-04-21,210.21,213.41,209.58,212.89,10987999.0,211.859,55352
2023-04-24,213.59,213.92,210.71,212.79,9187211.0,212.454,47564
2023-04-25,210.85,211.26,207.13,207.55,11721634.0,209.107,58613
2023-04-26,212.5,214.11,208.88,209.4,20747485.0,211.092,97499
2023-04-27,239.97,241.69,236.77,238.56,48584386.0,239.547,220841
2023-04-28,239.01,240.43,235.75,240.32,27160003.0,238.282,135035
2023-05-01,238.53,244.0,236.46,243.18,21477803.0,240.192,90500
2023-05-02,243.1,244.92,238.99,239.24,15061500.0,241.011,72504
2023-05-03,239.62,241.75,232.75,237.03,24808455.0,238.001,115993
2023-05-04,236.46,238.2,232.92,233.52,12057120.0,235.832,63905
2023-05-05,232.15,234.68,229.85,232.78,18608215.0,231.829,91556
2023-05-08,231.42,235.62,230.27,233.27,10478667.0,232.869,50615
2023-05-09,231.46,235.88,231.08,233.37,11590228.0,233.845,52283
2023-05-10,236.17,236.75,230.72,233.08,12481467.0,233.552,62751
2023-05-11,233.05,238.21,232.3,235.79,13013162.0,236.629,63066
2023-05-12,236.74,236.96,231.45,233.81,10072042.0,233.805,56596
2023-05-15,236.87,240.26,235.33,238.86,14104389.0,238.235,61328
2023-05-16,235.79,239.64,235.52,238.82,11688880.0,237.966,57197
2023-05-17,238.45,243.85,238.14,242.49,14701820.0,241.474,68957
2023-05-18,241.28,247.09,241.19,246.85,15212374.0,243.881,76024
2023-05-19,247.47,248.69,243.41,245.64,14066918.0,245.447,72466
2023-05-22,245.42,253.57,245.12,248.32,18710749.0,250.371,82439
2023-05-23,246.81,251.61,246.65,246.74,11639488.0,248.83,56100
2023-05-24,245.0,249.59,244.95,249.21,11247664.0,247.224,54242
2023-05-25,253.4,255.62,249.17,252.69,13801678.0,252.95,70180
2023-05-26,252.88,262.32,252.71,262.04,16211433.0,258.799,83361
2023-05-30,265.18,268.65,261.29,262.52,14522269.0,264.821,75079
2023-05-31,260.0,265.0,258.45,264.72,11222114.0,262.672,62384
2023-06-01,266.67,274.0,265.89,272.61,16648350.0,270.846,85463
2023-06-02,272.7,275.35,271.12,272.61,12327828.0,273.297,62303
2023-06-05,270.51,275.57,269.56,271.39,14128549.0,272.649,63113
2023-06-06,270.09,276.57,269.69,271.12,13373912.0,273.649,66091
2023-06-07,271.65,274.25,262.8,263.6,15040321.0,268.679,88399
2023-06-08,260.89,267.65,258.88,264.58,14046354.0,264.327,65749
2023-06-09,262.48,267.95,261.7,264.95,10926800.0,265.112,56611
2023-06-12,267.23,271.75,265.33,271.05,9640552.0,269.004,50010
2023-06-13,274.88,275.72,269.09,271.32,10257534.0,272.054,53691
2023-06-14,271.51,274.99,268.31,273.35,10279133.0,272.286,54197
2023-06-15,272.16,283.99,271.42,281.83,15243112.0,279.017,80871
2023-06-16,284.29,287.85,280.13,281.0,21743157.0,283.912,98968
2023-06-20,278.68,284.8,276.22,284.33,11656691.0,281.181,60677
2023-06-21,283.5,284.0,278.36,281.64,10354763.0,280.968,54714
2023-06-22,278.9,285.26,277.79,284.88,11459004.0,281.465,61096
2023-06-23,281.51,289.67,278.95,288.73,17102457.0,285.451,90877
2023-06-26,288.71,289.79,277.6,278.47,15655585.0,282.968,82245
2023-06-27,282.01,289.35,280.65,287.05,17377549.0,285.406,89485
2023-06-28,284.83,289.55,284.06,285.29,10788746.0,286.251,56346
2023-06-29,284.5,286.57,280.69,281.53,9512764.0,282.997,51765
2023-06-30,284.8,289.05,284.41,286.98,11227189.0,287.203,64836
2023-07-03,286.7,289.4,284.84,286.02,5820166.0,286.695,32501
2023-07-05,287.52,298.12,286.36,294.37,24811914.0,294.773,114314
2023-07-06,295.88,298.12,291.31,291.99,34675900.0,294.465,154457
2023-07-07,292.18,296.2,288.66,290.53,18014323.0,292.072,84096
2023-07-10,295.5,298.13,287.05,294.1,25721356.0,292.438,114367
2023-07-11,293.9,300.16,291.9,298.29,19724431.0,296.623,93911
2023-07-12,301.75,309.45,300.1,309.34,25369759.0,306.332,125371
2023-07-13,313.62,316.24,310.29,313.41,20772100.0,313.669,100946
2023-07-14,311.7,314.88,307.36,308.87,15250579.0,311.634,77944
2023-07-17,307.54,311.71,304.71,310.62,16523212.0,307.991,88173
2023-07-18,310.75,314.2,307.61,312.05,13136411.0,310.836,71067
2023-07-19,312.87,318.68,310.52,316.01,13849416.0,315.11,72895
2023-07-20,313.5,315.54,302.22,302.52,14548744.0,307.459,82465
2023-07-21,304.57,305.46,291.2,294.26,20574548.0,296.698,108467
2023-07-24,295.84,297.52,288.3,291.61,14948173.0,291.979,79020
2023-07-25,295.19,298.3,291.86,294.47,11159497.0,294.579,58910
2023-07-26,301.06,301.77,291.9,298.57,22109863.0,297.857,116895
2023-07-27,325.12,325.35,309.84,311.71,45115405.0,318.272,219391
2023-07-28,316.89,326.16,314.24,325.48,27243828.0,322.64,137019
2023-07-31,323.69,325.66,317.59,318.6,16385500.0,321.406,81711
2023-08-01,317.58,324.14,314.66,322.71,15448007.0,320.821,79071
2023-08-02,318.0,318.39,310.65,314.31,13123644.0,314.533,68080
2023-08-03,309.93,315.95,309.93,313.19,10163589.0,313.865,55368
2023-08-04,314.96,318.41,310.2,310.73,10743371.0,313.719,55334
2023-08-07,313.23,317.07,310.46,316.56,10666697.0,314.049,57541
2023-08-08,314.43,317.89,310.11,312.64,10112537.0,312.895,54578
2023-08-09,312.88,313.63,302.85,305.21,12595921.0,307.08,64220
2023-08-10,307.94,312.34,303.87,305.74,9804678.0,308.07,49072
2023-08-11,302.6,304.72,300.36,301.64,9364875.0,302.172,49106
2023-08-14,301.26,306.21,298.25,306.19,9247040.0,302.545,44016
2023-08-15,306.14,307.23,300.03,301.95,6680245.0,302.882,34732
2023-08-16,300.21,301.08,294.28,294.29,11277943.0,297.671,57160
2023-08-17,293.05,296.05,284.95,285.09,14835275.0,290.262,78058
2023-08-18,279.16,285.69,274.38,283.25,20721233.0,279.43,107587
2023-08-21,283.45,290.5,281.85,289.9,11340565.0,287.52,54210
2023-08-22,292.68,292.9,286.75,287.6,7611418.0,289.566,40190
2023-08-23,288.5,297.4,287.67,294.24,9744007.0,294.479,55000
2023-08-24,298.5,299.46,286.64,286.75,9859025.0,291.523,55219
2023-08-25,286.13,288.39,276.03,285.5,15358766.0,282.007,84957
2023-08-28,288.0,291.45,285.8,290.26,8656676.0,288.759,45036
2023-08-29,288.66,299.15,288.18,297.99,13431004.0,294.672,70439
2023-08-30,297.17,298.29,293.43,295.1,10607284.0,295.897,55021
2023-08-31,295.8,301.1,295.66,295.89,9837171.0,298.482,50027
2023-09-01,299.34,301.74,294.47,296.38,8439646.0,296.809,42518
2023-09-05,297.02,301.39,295.51,300.15,8158381.0,299.366,38696
2023-09-06,301.71,303.3,295.66,299.17,10151585.0,298.783,50695
2023-09-07,298.01,307.05,292.22,298.67,24785595.0,299.744,125876
2023-09-08,299.22,305.25,296.78,297.89,11013189.0,300.803,55293
2023-09-11,301.37,309.04,301.28,307.56,12820660.0,305.462,69945
2023-09-12,306.58,308.66,300.23,301.66,8321903.0,303.147,49193
2023-09-13,302.51,307.18,301.32,305.06,8301572.0,304.882,48816
2023-09-14,306.74,312.87,305.03,311.72,11852611.0,309.794,63325
2023-09-15,311.37,312.0,298.75,300.31,15400515.0,304.396,68902
2023-09-18,298.39,303.6,297.8,302.55,6899279.0,301.54,38145
2023-09-19,302.45,306.17,299.81,305.07,10854645.0,303.239,54320
2023-09-20,304.81,308.06,299.43,299.67,10722715.0,303.825,55560
2023-09-21,295.41,300.26,293.27,295.73,14191619.0,296.714,72869
2023-09-22,299.3,305.38,298.27,299.08,16647554.0,301.924,85491
2023-09-25,295.51,300.95,293.7,300.83,12021710.0,298.284,62387
2023-09-26,297.66,300.3,296.01,298.96,12628828.0,298.383,75199
2023-09-27,300.3,301.3,286.79,297.74,26450699.0,295.97,138501
2023-09-28,298.88,306.33,296.7,303.96,15278873.0,302.89,76782
2023-09-29,307.38,310.64,299.36,300.21,17000537.0,304.288,87943
2023-10-02,302.57,307.18,301.63,306.82,10824824.0,304.869,58022
2023-10-03,304.26,306.77,299.64,300.94,10936359.0,301.699,58186
2023-10-04,298.73,306.9,298.5,305.58,10985403.0,303.438,56285
2023-10-05,304.63,306.21,299.5,304.79,13382593.0,302.346,70291
2023-10-06,301.44,316.31,300.91,315.43,14416654.0,309.93,77698
2023-10-09,312.21,320.33,311.82,318.36,15710277.0,317.54,76593
2023-10-10,319.12,324.66,318.16,321.84,13060085.0,321.654,62455
2023-10-11,322.81,328.84,322.81,327.82,14828141.0,326.33,75134
2023-10-12,327.77,330.54,322.69,324.16,13259523.0,327.031,66340
2023-10-13,323.53,325.06,312.37,314.69,13546214.0,317.227,72919
2023-10-16,318.36,321.82,315.52,321.15,10005547.0,319.562,54606
2023-10-17,318.2,324.4,317.3,324.0,10779227.0,322.045,58358
2023-10-18,321.58,325.94,315.56,316.97,10796929.0,320.249,53929
2023-10-19,320.0,321.89,311.75,312.81,11785664.0,316.444,63163
2023-10-20,314.21,315.3,306.47,308.65,14199477.0,310.556,66636
2023-10-23,309.34,317.36,307.26,314.01,11110384.0,313.653,60606
2023-10-24,317.0,318.35,310.63,312.55,11618372.0,314.229,60222
2023-10-25,310.06,310.88,298.84,299.53,20592289.0,303.263,108382
2023-10-26,295.0,295.0,279.44,288.35,46433938.0,287.273,234267
2023-10-27,294.33,299.31,292.97,296.73,20683710.0,296.291,111431
2023-10-30,299.09,309.4,299.05,302.66,19388333.0,304.02,97732
2023-10-31,303.31,303.68,296.86,301.27,11759997.0,300.099,59412
2023-11-01,301.85,312.74,301.85,311.85,13296113.0,307.621,73877
2023-11-02,317.09,318.82,308.33,310.87,14555211.0,310.875,74519
2023-11-03,312.75,315.55,311.01,314.6,10603683.0,313.461,53751
2023-11-06,315.92,318.33,314.45,315.8,8159073.0,316.239,43600
2023-11-07,317.06,321.0,315.12,318.82,8742493.0,319.017,47382
2023-11-08,318.13,321.33,314.88,319.78,8208465.0,318.115,42976
2023-11-09,319.42,324.18,318.8,320.55,8765018.0,321.074,46407
2023-11-10,319.88,329.1,319.46,328.77,11213691.0,325.568,60408
2023-11-13,326.2,332.33,325.7,329.19,9337362.0,329.984,50370
2023-11-14,334.55,338.1,333.33,336.31,10048606.0,335.607,55104
2023-11-15,337.93,338.4,330.02,332.71,8507652.0,333.817,48095
2023-11-16,329.3,334.58,326.38,334.19,10704986.0,330.577,58665
2023-11-17,330.6,335.5,329.35,335.04,8325105.0,333.37,42765
2023-11-20,334.48,341.87,334.19,339.97,9502100.0,338.97,46739
2023-11-21,338.36,339.91,335.9,336.98,7042502.0,337.967,38241
2023-11-22,339.06,342.92,338.58,341.49,6666022.0,341.294,34647
2023-11-24,340.13,341.86,336.77,338.23,3233149.0,338.528,18292
2023-11-27,336.24,339.9,334.2,334.7,8467708.0,337.202,47354
2023-11-28,333.4,339.38,333.4,338.99,7257701.0,336.232,37325
2023-11-29,339.7,339.9,330.78,332.2,9974691.0,333.836,52331
2023-11-30,331.87,333.5,322.4,327.15,11482285.0,325.817,64423
2023-12-01,325.48,326.86,320.76,324.82,9206579.0,323.496,51454
2023-12-04,317.27,320.86,313.66,320.02,11803776.0,317.072,64582
2023-12-05,318.63,321.88,315.39,318.29,10755113.0,318.224,54276
2023-12-06,321.87,322.25,317.04,317.45,6857647.0,319.387,33874
2023-12-07,317.77,328.24,317.77,326.59,9755870.0,325.123,53815
2023-12-08,323.1,333.17,323.0,332.75,7443595.0,329.942,42061
2023-12-11,329.4,329.89,319.99,325.28,15753863.0,323.598,90827
2023-12-12,324.59,334.47,324.56,334.22,9913939.0,330.503,56116
2023-12-13,333.7,338.37,332.64,334.74,10133394.0,335.281,56193
2023-12-14,333.85,334.7,328.63,333.17,11250709.0,331.85,68551
2023-12-15,332.39,338.66,331.22,334.92,12377199.0,334.972,55467
2023-12-18,337.48,347.56,337.02,344.62,12096839.0,344.094,64772
2023-12-19,345.66,353.6,345.12,350.36,11309790.0,350.666,59187
2023-12-20,348.65,354.96,347.79,349.28,9973045.0,351.556,53491
2023-12-21,352.67,356.41,349.21,354.09,8707147.0,352.38,44455
2023-12-22,355.58,357.2,351.22,353.39,7285058.0,353.941,38085
2023-12-26,354.99,356.98,353.45,354.83,5859110.0,355.09,29292
2023-12-27,356.07,359.0,355.31,357.83,6810344.0,357.418,36282
2023-12-28,359.7,361.9,357.81,358.32,7235759.0,359.871,40170
2023-12-29,358.99,360.0,351.82,353.96,8491828.0,354.709,50164
2024-01-02,351.32,353.16,340.01,346.29,10847277.0,344.494,63841
2024-01-03,344.91,347.95,343.17,344.47,8294414.0,345.332,46506
2024-01-04,344.64,348.15,343.39,347.12,6279359.0,346.248,33763
2024-01-05,346.99,353.5,346.26,351.95,8625807.0,351.02,45369
2024-01-08,355.01,358.98,352.05,358.66,7154916.0,355.529,39427
2024-01-09,356.4,360.64,355.36,357.43,6579783.0,358.124,37873
2024-01-10,360.17,372.94,359.08,370.47,14975497.0,368.901,76265
2024-01-11,371.89,372.78,362.93,369.67,10063688.0,367.854,55641
2024-01-12,370.16,377.06,369.54,374.49,10768390.0,374.263,58200
2024-01-16,373.69,375.61,367.23,367.46,8338552.0,370.13,49315
2024-01-17,366.03,368.54,358.61,368.37,7725977.0,364.982,44368
2024-01-18,371.27,376.85,370.95,376.13,9090870.0,374.582,49697
2024-01-19,379.0,384.36,377.97,383.45,11461137.0,381.796,61389
2024-01-22,387.95,390.36,381.16,381.78,9833789.0,384.716,58477
2024-01-23,384.76,388.38,382.07,385.2,8956897.0,385.242,51204
2024-01-24,390.0,396.15,387.81,390.7,9069366.0,392.544,53008
2024-01-25,390.0,395.49,385.66,393.18,8018531.0,392.629,49387
2024-01-26,393.85,396.79,391.59,394.14,7198552.0,394.924,42906
2024-01-29,394.99,402.93,393.1,401.02,10122409.0,399.523,58328
2024-01-30,403.59,406.36,399.57,400.06,11144421.0,402.968,64000
2024-01-31,389.0,398.0,387.1,390.14,11104724.0,393.402,66682
2024-02-01,393.96,400.5,393.05,394.78,12966150.0,396.512,74296
2024-02-02,459.69,485.96,453.01,474.99,57872624.0,474.373,286002
2024-02-05,469.89,471.9,459.22,459.41,27737216.0,463.653,140511
2024-02-06,464.0,467.12,453.0,454.72,13947942.0,457.76,75198
2024-02-07,458.16,471.52,456.17,469.59,14767357.0,467.718,78441
2024-02-08,468.32,470.59,465.03,470.0,11088827.0,468.317,64218
2024-02-09,472.95,473.59,467.46,468.11,11689234.0,469.904,61227
2024-02-12,468.44,479.15,466.58,468.9,13541633.0,473.372,74958
2024-02-13,456.78,467.89,455.09,460.12,10244434.0,462.299,59162
2024-02-14,467.93,474.11,466.09,473.28,8727146.0,469.64,48402
2024-02-15,475.26,488.62,472.22,484.03,14849431.0,483.042,85498
2024-02-16,477.95,478.96,469.21,473.32,14376721.0,474.022,79730
2024-02-20,469.72,476.18,466.56,471.75,9507112.0,470.547,54701
2024-02-21,466.5,469.0,461.79,468.03,7321649.0,465.971,43197
2024-02-22,480.19,489.99,476.06,486.13,12133329.0,485.271,69163
2024-02-23,488.09,494.36,482.34,484.03,9940314.0,487.862,58844
2024-02-26,483.47,486.14,480.6,481.74,5931679.0,483.336,36725
2024-02-27,480.1,487.27,479.88,487.05,5602036.0,484.351,34445
2024-02-28,484.93,491.05,482.75,484.02,7024458.0,486.429,44013
2024-02-29,488.24,491.7,482.61,490.13,7039031.0,488.438,42108
2024-03-01,491.86,504.25,491.53,502.3,9373927.0,500.272,58873
2024-03-04,503.06,504.42,496.42,498.19,6481263.0,500.555,37799
2024-03-05,495.0,495.58,487.89,490.22,8381503.0,491.198,54784
2024-03-06,497.52,502.97,494.29,496.09,6797011.0,497.816,41625
2024-03-07,503.01,519.85,501.38,512.19,11447288.0,511.164,66043
2024-03-08,514.19,523.57,499.35,505.95,10801754.0,511.193,70539
2024-03-11,497.97,497.97,476.0,483.59,12820869.0,484.666,74623
2024-03-12,493.43,502.31,484.73,499.75,9138198.0,495.711,55071
2024-03-13,495.71,500.98,491.03,495.57,6322283.0,495.682,36852
2024-03-14,500.64,501.35,488.16,491.83,6779256.0,494.734,42708
2024-03-15,489.01,491.83,481.3,484.1,9130482.0,485.62,45784
2024-03-18,491.91,497.42,486.81,496.98,6259266.0,492.669,39257
2024-03-19,488.79,496.63,481.28,496.24,5810900.0,490.254,34706
2024-03-20,499.5,508.2,495.17,505.52,6564537.0,501.025,38843
2024-03-21,514.71,515.04,506.01,507.76,4944748.0,509.461,27440
2024-03-22,507.0,509.97,504.34,509.58,3846690.0,507.178,23034
2024-03-25,505.86,507.22,500.24,503.02,4083638.0,504.594,25097
2024-03-26,505.14,510.0,495.21,495.89,5869355.0,504.743,34163
2024-03-27,499.47,499.89,488.07,493.86,5552200.0,492.333,34364
2024-03-28,492.83,492.89,485.15,485.58,7278654.0,488.043,43437
2024-04-01,487.19,497.43,481.78,491.35,4933229.0,491.603,29785
2024-04-02,485.1,497.53,484.65,497.37,5930653.0,491.596,32884
2024-04-03,499.31,507.24,498.75,506.74,6805476.0,504.586,39384
2024-04-04,516.4,530.0,510.58,510.92,17231372.0,521.644,93553
2024-04-05,516.82,530.7,514.4,527.34,12021794.0,524.626,58171
2024-04-08,529.31,531.49,518.89,519.25,8153016.0,523.653,43308
2024-04-09,522.23,525.87,506.74,516.9,6418528.0,514.892,34509
2024-04-10,509.51,522.56,505.8,519.83,6740330.0,517.642,36386
2024-04-11,521.11,523.86,517.29,523.16,5671760.0,520.594,30372
2024-04-12,517.86,520.19,509.33,511.9,5760736.0,513.785,31035
2024-04-15,516.27,518.53,497.28,500.23,6455643.0,506.337,36210
2024-04-16,498.99,504.77,497.11,499.76,4403143.0,501.472,25411
2024-04-17,503.06,503.81,487.14,494.17,7043723.0,495.189,41919
2024-04-18,499.82,512.21,499.04,501.8,9106190.0,505.464,52831
2024-04-19,501.58,502.8,475.73,481.07,12337469.0,486.096,72618
2024-04-22,489.43,492.01,473.52,481.73,9902531.0,482.157,56804
2024-04-23,491.25,498.76,488.97,496.1,8082092.0,494.236,45791
2024-04-24,508.13,510.0,484.58,493.5,15450289.0,494.535,86026
2024-04-25,421.25,445.77,414.5,441.38,54532079.0,432.982,295377
2024-04-26,441.45,446.44,431.96,443.29,20712925.0,440.029,104424
2024-04-29,439.29,439.76,428.56,432.62,13208693.0,432.79,70717
2024-04-30,431.05,439.62,429.72,430.17,10502206.0,433.862,54394
2024-05-01,428.8,449.96,427.11,439.19,13026610.0,439.143,73249
2024-05-02,438.56,443.96,432.28,441.68,9176033.0,438.704,50864
2024-05-03,445.68,454.17,443.85,451.96,10123280.0,450.249,58394
2024-05-06,455.58,466.16,453.34,465.68,8870614.0,459.727,49027
2024-05-07,466.39,471.53,461.31,468.24,7892364.0,467.052,41702
2024-05-08,463.5,475.58,463.0,472.6,7266095.0,471.984,39248
2024-05-09,470.0,476.08,467.63,475.42,5509024.0,473.512,29315
2024-05-10,477.09,477.5,469.6,476.2,6631106.0,474.087,35452
2024-05-13,472.55,473.35,462.85,468.01,8109649.0,467.565,44566
2024-05-14,463.33,472.54,460.08,471.85,5875697.0,467.805,32980
2024-05-15,474.98,482.5,471.2,481.54,6423514.0,477.157,35440
2024-05-16,475.0,477.69,472.75,473.23,8371910.0,475.304,43371
2024-05-17,470.83,472.25,468.42,471.91,5561199.0,470.774,30928
2024-05-20,470.19,473.2,467.04,468.84,6214291.0,470.248,35186
2024-05-21,467.7,470.7,462.27,464.63,6717265.0,465.486,37594
2024-05-22,467.67,473.72,465.65,467.78,5474722.0,469.808,28735
2024-05-23,472.88,474.36,461.54,465.78,6468671.0,467.281,33991
2024-05-24,467.49,479.85,466.3,478.22,6963688.0,475.073,38612
2024-05-28,476.58,480.86,474.84,479.92,5431852.0,477.344,27861
2024-05-29,474.62,479.85,473.7,474.36,4351873.0,476.42,23841
2024-05-30,471.67,471.73,464.71,467.05,6106750.0,468.042,36663
2024-05-31,466.25,469.12,454.46,466.83,7241705.0,460.317,45625
2024-06-03,470.86,479.6,468.24,477.49,6237630.0,475.078,37268
2024-06-04,476.99,478.89,473.23,476.99,3797615.0,475.69,22057
2024-06-05,484.45,496.65,483.91,495.06,9376610.0,489.728,55192
2024-06-06,492.98,502.82,490.89,493.76,6539834.0,496.743,37546
2024-06-07,495.78,498.91,490.17,492.96,4512253.0,494.983,25333
2024-06-10,493.45,502.66,493.41,502.6,4908644.0,499.176,27913
2024-06-11,500.14,507.6,498.27,507.47,4816696.0,503.213,27543
2024-06-12,513.93,514.01,504.47,508.84,6350616.0,507.968,35500
2024-06-13,505.71,509.36,501.36,504.1,4143563.0,504.748,25021
2024-06-14,502.65,507.15,500.75,504.16,3688311.0,503.572,20072
2024-06-17,501.67,510.75,496.01,506.63,5118770.0,503.869,28711
2024-06-18,504.56,506.0,495.02,499.49,5821992.0,499.783,35170
2024-06-20,501.81,503.67,496.77,501.7,4981355.0,500.87,29592
2024-06-21,502.57,503.45,492.39,494.78,7699159.0,497.702,36807
2024-06-24,499.2,507.8,494.29,498.91,7571176.0,500.903,43627
2024-06-25,496.99,510.71,495.5,510.6,6641853.0,507.081,37362
2024-06-26,506.74,513.81,504.67,513.12,4309977.0,510.965,25047
2024-06-27,514.41,522.88,513.9,519.56,5228860.0,518.899,30913
2024-06-28,517.15,521.88,503.84,504.22,6500881.0,512.968,37589
2024-07-01,504.85,506.58,493.17,504.68,5898057.0,500.161,35248
2024-07-02,500.76,510.5,499.45,509.5,3797329.0,506.237,22666
2024-07-03,506.37,511.28,506.02,509.96,2792755.0,509.038,16499
2024-07-05,511.44,540.87,511.44,539.91,13181143.0,530.347,70975
2024-07-08,542.35,542.81,526.65,529.32,8176055.0,531.531,44981
2024-07-09,533.85,537.48,528.19,530.0,5010793.0,532.508,26137
2024-07-10,530.79,538.88,528.36,534.69,5709962.0,534.135,29715
2024-07-11,530.89,535.46,508.37,512.7,9213103.0,517.783,51682
2024-07-12,497.75,508.09,494.24,498.87,11736468.0,501.715,67665
2024-07-15,498.63,506.68,493.37,496.16,6393574.0,499.262,36959
2024-07-16,501.49,503.95,485.79,489.79,7760218.0,491.576,45590
2024-07-17,478.91,479.17,459.12,461.99,17297002.0,466.681,101810
2024-07-18,475.0,479.24,464.54,475.85,11243048.0,471.701,65772
2024-07-19,476.87,486.71,475.71,476.79,8732837.0,480.521,51242
2024-07-22,486.58,492.06,483.9,487.4,6465299.0,488.032,38378
2024-07-23,489.86,495.22,487.72,488.69,4985445.0,491.348,29299
2024-07-24,472.23,476.3,460.58,461.27,9546567.0,467.868,55551
2024-07-25,463.26,463.55,442.65,453.41,10955991.0,455.01,61166
2024-07-26,464.34,469.77,459.42,465.7,8155729.0,464.98,44967
2024-07-29,470.25,473.96,465.02,465.71,6277106.0,468.88,36119
2024-07-30,467.0,472.73,456.7,463.19,6123199.0,464.794,35477
2024-07-31,471.0,476.5,466.75,474.83,9882101.0,473.011,57229
2024-08-01,521.0,527.18,492.1,497.74,27849035.0,508.251,153919
2024-08-02,488.75,501.15,476.15,488.14,13340676.0,487.23,77519
2024-08-05,451.35,483.48,450.8,475.73,11909063.0,471.735,66668
2024-08-06,479.0,502.56,478.65,494.09,13107120.0,494.675,75841
2024-08-07,502.87,510.15,486.86,488.92,12902085.0,497.915,75755
2024-08-08,497.65,509.96,494.72,509.63,9750597.0,503.281,58779
2024-08-09,507.71,518.34,505.7,517.77,7711743.0,513.088,44092
2024-08-12,516.89,518.02,509.1,515.95,5705894.0,514.531,35087
2024-08-13,519.45,531.5,518.15,528.54,8244034.0,526.224,46320
2024-08-14,528.06,534.0,523.13,526.76,6222423.0,528.723,33549
2024-08-15,531.79,539.77,526.7,537.33,7439087.0,536.277,43755
2024-08-16,532.31,533.66,524.66,527.42,8735591.0,529.354,43549
2024-08-19,526.87,531.66,522.76,529.28,5796715.0,527.184,29894
2024-08-20,528.35,531.09,525.88,526.73,4213250.0,528.332,23546
2024-08-21,527.15,539.4,526.93,535.16,8029039.0,534.017,41191
2024-08-22,537.0,544.23,528.59,531.93,8362164.0,536.823,44768
2024-08-23,536.92,539.87,525.06,528.0,5958975.0,531.213,33647
2024-08-26,527.51,528.03,514.95,521.12,5036331.0,520.298,29792
2024-08-27,518.98,524.01,515.31,519.1,3186294.0,520.101,18125
2024-08-28,517.68,521.09,512.45,516.78,4904684.0,516.315,26795
2024-08-29,519.05,527.2,515.67,518.22,4745591.0,521.779,26631
2024-08-30,521.35,523.54,515.2,521.31,4372261.0,519.265,25555
2024-09-03,519.6,525.49,508.61,511.76,6772576.0,514.945,40287
2024-09-04,506.07,516.59,504.07,512.74,4574736.0,512.245,29309
2024-09-05,511.72,521.63,511.15,516.86,4612977.0,516.419,29286
2024-09-06,521.88,524.59,498.25,500.27,7960245.0,506.146,50300
2024-09-09,506.16,511.33,502.08,504.79,4445586.0,506.188,28462
2024-09-10,508.16,514.18,500.02,504.79,4368888.0,506.084,24552
2024-09-11,507.3,513.12,495.6,511.83,5429496.0,505.175,34174
2024-09-12,517.05,526.71,515.22,525.6,6280463.0,521.796,37937
2024-09-13,520.44,527.59,517.11,524.62,4882730.0,524.324,30210
2024-09-16,524.54,534.1,517.4,533.28,5059703.0,526.347,27524
2024-09-17,537.6,542.1,530.57,536.32,5669477.0,536.396,32106
2024-09-18,537.07,544.2,533.9,537.95,5389358.0,538.865,30274
2024-09-19,550.0,562.07,546.52,559.1,8342579.0,556.027,48729
2024-09-20,560.0,564.5,556.3,561.35,8171660.0,561.253,43510
2024-09-23,569.5,573.98,562.41,564.41,5863007.0,567.263,34862
2024-09-24,566.67,567.75,554.19,563.33,5717067.0,560.562,32383
2024-09-25,564.05,576.88,563.72,568.31,9433173.0,570.975,50066
2024-09-26,575.73,577.4,562.35,567.84,7529681.0,569.376,48005
2024-09-27,570.0,570.84,564.51,567.36,4322268.0,567.656,24934
2024-09-30,567.39,574.68,564.8,572.44,5089562.0,570.453,28892
2024-10-01,578.09,583.04,570.1,576.47,9093836.0,576.941,50231
2024-10-02,574.97,576.0,569.34,572.81,3217332.0,572.97,19293
2024-10-03,570.15,583.36,568.73,582.77,6878247.0,578.425,40958
2024-10-04,583.7,596.85,581.43,595.94,7794618.0,588.37,44533
2024-10-07,598.22,602.95,584.04,584.78,6149152.0,592.79,35338
2024-10-08,589.66,593.56,585.97,592.89,3857774.0,590.074,22721
2024-10-09,593.89,594.39,581.61,590.51,5583032.0,587.675,32112
2024-10-10,587.48,590.23,582.52,583.83,4186720.0,586.06,24890
2024-10-11,584.83,591.21,582.71,589.95,5133567.0,587.343,29643
2024-10-14,594.22,600.1,589.96,590.42,4434648.0,594.526,24584
2024-10-15,590.18,590.61,580.14,586.27,5023898.0,585.026,30324
2024-10-16,581.1,582.08,574.03,576.79,6204033.0,576.757,34418
2024-10-17,583.33,584.97,575.2,576.93,4343843.0,578.767,23861
2024-10-18,581.1,583.97,575.25,576.47,4157540.0,579.87,18880
2024-10-21,575.77,577.24,569.11,575.16,4063488.0,572.747,20712
2024-10-22,574.58,583.53,572.12,582.01,4304661.0,578.753,22266
2024-10-23,579.72,585.0,562.5,563.69,7220567.0,570.495,40182
2024-10-24,567.13,568.88,561.52,567.78,3528893.0,566.156,20127
2024-10-25,573.6,581.29,571.72,573.25,5525679.0,576.294,30967
2024-10-28,582.5,583.75,574.12,578.16,4998947.0,577.879,28518
2024-10-29,580.24,593.67,575.39,593.28,6776602.0,587.215,37465
2024-10-30,600.98,601.2,589.38,591.8,13610929.0,595.491,76856
2024-10-31,585.0,589.9,563.01,567.58,15280731.0,573.345,86143
2024-11-01,567.0,573.67,562.56,567.16,8634920.0,569.107,47375
2024-11-04,563.71,568.69,557.89,560.68,6783343.0,562.967,36393
2024-11-05,567.33,573.48,566.67,572.43,4957012.0,570.405,28327
2024-11-06,563.0,573.0,555.16,572.05,10342939.0,565.254,56319
2024-11-07,576.71,594.8,575.21,591.7,8446900.0,588.994,45685
2024-11-08,591.54,593.1,584.52,589.34,5056947.0,588.02,28669
2024-11-11,586.36,587.0,576.51,583.17,5497619.0,581.538,29578
2024-11-12,588.8,599.66,580.38,584.82,10022765.0,588.049,51766
2024-11-13,582.61,585.64,575.17,580.0,5490849.0,580.754,30088
2024-11-14,577.0,580.76,573.01,577.16,5006070.0,576.441,30571
2024-11-15,571.22,572.57,551.5,554.08,9643510.0,559.208,53002
2024-11-18,557.04,559.9,550.09,554.4,7050651.0,555.101,38684
2024-11-19,551.86,561.43,550.6,561.09,4304374.0,555.686,23893
2024-11-20,562.94,566.35,554.2,565.52,4792957.0,561.786,27836
2024-11-21,569.52,570.0,549.05,563.09,5952209.0,558.684,34705
2024-11-22,563.89,563.89,554.59,559.14,4711103.0,558.638,26333
2024-11-25,562.5,572.6,556.39,565.11,5839405.0,564.11,31121
2024-11-26,566.55,577.5,565.2,573.54,5659406.0,572.953,32328
2024-11-27,574.56,574.98,564.1,569.2,3478528.0,568.398,22220
2024-11-29,568.91,578.46,566.9,574.32,3261382.0,574.043,19269
2024-12-02,577.54,594.5,575.57,592.83,6175218.0,589.007,36307
2024-12-03,595.0,614.2,591.25,613.65,8528363.0,604.651,46296
2024-12-04,611.01,617.78,605.1,613.78,7294355.0,611.637,43680
2024-12-05,617.08,619.9,607.05,608.93,4056386.0,611.592,23891
2024-12-06,609.71,629.79,608.53,623.77,8187889.0,622.415,45897
2024-12-09,623.93,626.4,606.17,613.57,5300276.0,614.407,32161
2024-12-10,617.56,625.59,612.74,619.32,4566229.0,619.583,27911
2024-12-11,623.37,638.4,621.53,632.68,5849037.0,633.202,34442
2024-12-12,631.5,636.66,627.2,630.79,3773905.0,632.173,23606
2024-12-13,627.22,631.08,616.88,620.35,3722676.0,621.972,21632
2024-12-16,630.05,631.15,618.58,624.24,5143117.0,625.031,32905
2024-12-17,626.17,632.37,616.54,619.44,4720158.0,622.589,28576
2024-12-18,620.91,627.36,596.32,597.19,7252185.0,615.207,46183
2024-12-19,610.2,611.52,595.0,595.57,6023771.0,603.26,37060
2024-12-20,590.04,603.11,582.0,585.25,10114215.0,593.006,49416
2024-12-23,589.6,601.09,586.25,599.85,4921982.0,594.924,28724
2024-12-24,602.33,607.99,599.28,607.75,2251100.0,604.373,13413
2024-12-26,605.89,606.3,598.94,603.35,3015034.0,603.011,19253
2024-12-27,599.4,601.85,589.8,599.81,3686635.0,594.554,22463
2024-12-30,588.51,596.94,585.58,591.24,3377976.0,591.591,21744
2024-12-31,592.26,593.97,583.85,585.51,2619578.0,588.785,15663
2025-01-02,589.8,604.91,587.82,599.24,6137738.0,596.566,36350
2025-01-03,604.76,609.5,596.41,604.63,5037519.0,602.921,27504
2025-01-06,611.51,630.99,605.62,630.2,7525239.0,620.008,43535
2025-01-07,631.71,632.11,608.23,617.89,6203605.0,618.886,38183
2025-01-08,613.5,616.44,602.79,610.72,5007610.0,610.968,30889
2025-01-10,610.03,629.91,597.34,615.86,11892897.0,617.004,76629
2025-01-13,607.13,608.97,598.44,608.33,5754033.0,604.316,35357
2025-01-14,604.63,605.49,588.55,594.25,7178676.0,595.66,40496
2025-01-15,610.21,622.46,606.5,617.12,6990846.0,615.663,41978
2025-01-16,611.69,616.25,609.71,611.3,3958874.0,612.882,23550
2025-01-17,623.96,625.0,603.67,612.77,8310256.0,615.611,40779
2025-01-21,618.15,621.5,609.0,616.46,5126094.0,616.183,31931
2025-01-22,623.34,633.7,619.55,623.5,6005540.0,627.021,36409
2025-01-23,627.3,636.6,621.15,636.45,4543013.0,629.578,27502
2025-01-24,636.4,652.0,634.2,647.49,10220881.0,644.928,56083
2025-01-27,626.64,663.87,625.1,659.88,15275149.0,649.862,91344
2025-01-28,665.78,682.58,659.46,674.33,11902434.0,673.474,71475
2025-01-29,675.01,681.05,665.67,676.49,9249013.0,673.664,61198
2025-01-30,697.18,710.68,676.1,687.0,18043293.0,694.011,108275
2025-01-31,692.52,705.3,685.58,689.18,11530645.0,696.487,70706
2025-02-03,675.56,704.0,675.25,697.46,11850635.0,695.241,72091
2025-02-04,702.5,707.71,691.61,704.19,8124817.0,702.271,49933
2025-02-05,703.18,718.14,699.01,704.87,10154880.0,706.886,57490
2025-02-06,706.08,718.9,703.5,711.99,8152046.0,711.647,49068
2025-02-07,717.0,725.01,711.75,714.52,9409207.0,718.174,58379
2025-02-10,718.97,721.2,711.33,717.4,7365645.0,715.984,42462
2025-02-11,713.32,723.66,710.04,719.8,7109652.0,717.718,41538
2025-02-12,715.3,727.1,712.6,725.38,6768325.0,721.462,39560
2025-02-13,721.51,729.0,718.04,728.56,7214660.0,723.741,42620
2025-02-14,726.14,740.91,725.62,736.67,9742767.0,734.543,59965
2025-02-18,736.33,737.0,706.44,716.37,12760443.0,717.27,72326
2025-02-19,704.49,707.0,695.39,703.77,10077716.0,701.821,53385
2025-02-20,697.27,705.63,693.64,694.84,6615487.0,697.835,39437
2025-02-21,696.58,703.87,682.36,683.55,8839602.0,691.138,53779
2025-02-24,686.09,687.27,662.45,668.13,8842429.0,671.058,52739
2025-02-25,666.38,668.0,641.86,657.5,12613256.0,655.135,75029
2025-02-26,659.65,683.01,658.0,673.7,8233608.0,674.003,51512
2025-02-27,682.45,688.65,657.57,658.24,6610096.0,669.779,39593
2025-02-28,658.39,669.63,642.6,668.2,7869273.0,658.959,50660
2025-03-03,673.68,681.25,650.84,655.05,5420940.0,665.453,34632
2025-03-04,645.51,649.75,623.65,640.0,11529388.0,635.096,68801
2025-03-05,641.0,659.5,637.66,656.47,6995771.0,648.885,44819
2025-03-06,648.53,650.57,624.11,627.93,7422257.0,636.089,47478
2025-03-07,625.74,634.79,600.61,625.66,12741343.0,616.451,77524
2025-03-10,608.07,610.11,586.87,597.99,12170173.0,596.275,73497
2025-03-11,594.99,614.94,593.33,605.71,9860051.0,605.679,59862
2025-03-12,629.33,633.33,609.35,619.56,9177156.0,622.073,55209
2025-03-13,620.25,620.5,586.51,590.64,9815508.0,596.937,56274
2025-03-14,603.0,608.86,594.78,607.6,6836511.0,603.863,42055
2025-03-17,607.72,613.1,598.0,604.9,8461097.0,603.547,50825
2025-03-18,600.05,600.25,574.66,582.36,11373282.0,581.336,68431
2025-03-19,584.22,592.33,574.94,584.06,9682470.0,582.85,56090
2025-03-20,582.98,610.2,579.51,586.0,13844205.0,597.562,83124
2025-03-21,583.29,597.55,580.95,596.25,10910400.0,590.717,55819
2025-03-24,614.97,622.54,612.2,618.85,8415715.0,616.806,53608
2025-03-25,626.76,633.88,621.18,626.31,7745620.0,627.252,45632
2025-03-26,624.1,626.75,606.61,610.98,7284388.0,615.227,45474
2025-03-27,602.0,614.25,600.1,602.58,5328264.0,607.019,31513
2025-03-28,600.31,601.75,573.92,576.74,9586644.0,583.644,59149
2025-03-31,563.5,578.7,553.3,576.36,10245311.0,566.458,65791
2025-04-01,570.85,589.91,570.0,586.0,7365581.0,582.218,44479
2025-04-02,573.79,592.66,573.36,583.93,7043822.0,584.859,42982
2025-04-03,546.22,552.56,530.3,531.62,20056619.0,541.3,118986
2025-04-04,506.89,518.0,494.2,504.73,22272042.0,509.313,140139
2025-04-07,486.55,539.37,481.9,516.25,20680613.0,509.125,129127
2025-04-08,543.25,547.43,502.86,510.45,15738672.0,526.9,102823
2025-04-09,509.27,587.89,502.11,585.77,22794130.0,547.597,147706
2025-04-10,575.9,581.3,535.3,546.29,15934321.0,552.823,103550
2025-04-11,535.38,547.4,528.59,543.57,9798704.0,539.219,61504
2025-04-14,556.18,557.77,528.28,531.48,7504517.0,538.384,45995
2025-04-15,531.58,537.94,517.5,521.52,8521600.0,526.626,51474
2025-04-16,508.51,513.37,495.63,502.31,10520805.0,505.462,64487
2025-04-17,505.11,507.3,498.01,501.48,8333595.0,502.864,49871
2025-04-21,491.33,493.5,479.8,484.66,8077255.0,484.884,46567
2025-04-22,491.87,506.88,486.36,500.28,9534442.0,496.4,50624
2025-04-23,528.43,535.34,516.52,520.27,10267449.0,525.842,64259
2025-04-24,518.74,533.9,517.5,533.15,6459235.0,528.463,39197
2025-04-25,546.8,549.86,536.25,547.27,9597947.0,543.926,62498
2025-04-28,555.65,558.49,540.59,549.74,8614779.0,548.536,52224
2025-04-29,546.0,556.57,544.12,554.44,6567505.0,552.011,40307
2025-04-30,537.79,549.1,529.58,549.0,10772767.0,539.029,64676
2025-05-01,592.08,592.95,570.5,572.21,18859534.0,578.615,109525
2025-05-02,583.46,604.34,578.33,597.02,14294682.0,595.119,84951
2025-05-05,591.51,603.21,588.05,599.27,7265520.0,598.611,43426
2025-05-06,592.31,596.03,586.58,587.31,5597221.0,590.803,31509
2025-05-07,590.17,603.08,586.67,596.81,7205213.0,594.307,42384
2025-05-08,606.37,611.3,596.62,598.01,8195879.0,604.371,44643
2025-05-09,603.9,606.97,591.7,592.49,5692038.0,596.911,32395
2025-05-12,630.73,640.39,621.03,639.43,11478240.0,632.565,66026
2025-05-13,645.34,660.92,642.83,656.03,10106428.0,655.425,59363
2025-05-14,661.21,662.67,654.31,659.36,6188627.0,658.136,36267
2025-05-15,654.09,657.31,638.58,643.88,7695831.0,648.666,48044
2025-05-16,637.96,640.44,626.15,640.34,10056130.0,635.377,54751
2025-05-19,628.25,643.0,627.8,640.43,4832574.0,638.128,27985
2025-05-20,635.79,639.36,632.26,637.1,3287445.0,636.636,20962
2025-05-21,631.78,646.61,630.17,635.5,5172580.0,638.778,32593
2025-05-22,634.05,643.25,630.71,636.57,3724942.0,638.077,21970
2025-05-23,624.0,632.45,622.65,627.06,3895574.0,628.382,23523
2025-05-27,635.41,643.08,632.75,642.32,4127743.0,638.756,23080
2025-05-28,642.6,650.88,642.54,643.58,3662439.0,646.152,21410
2025-05-29,651.64,653.32,639.5,645.05,4169094.0,645.891,24127
2025-05-30,642.5,649.41,632.78,647.49,5982014.0,642.167,37121
2025-06-02,643.85,673.26,643.85,670.9,8011932.0,662.842,50151
2025-06-03,671.47,675.58,665.03,666.85,5594974.0,668.559,34092
2025-06-04,669.33,689.0,668.57,687.95,7476453.0,682.28,46327
2025-06-05,691.66,694.38,682.25,684.62,5634262.0,688.464,35083
2025-06-06,696.25,702.81,691.87,697.71,5157942.0,697.851,31663
2025-06-09,698.46,705.19,693.94,694.06,4435527.0,699.48,26934
2025-06-10,700.81,703.23,691.56,702.4,4680579.0,699.361,28609
2025-06-11,703.65,708.88,691.99,694.14,4535027.0,699.733,28625
2025-06-12,693.34,695.38,687.0,693.36,3266869.0,691.809,21395
2025-06-13,687.92,694.57,681.01,682.87,4330996.0,688.485,25126
2025-06-16,699.33,707.15,693.51,702.12,6586337.0,701.225,38565
2025-06-17,702.0,705.97,696.06,697.23,3958513.0,701.058,22480
2025-06-18,698.17,701.59,694.9,695.77,3493694.0,698.411,21212
2025-06-20,700.6,701.82,678.67,682.35,8253794.0,689.992,43842
2025-06-23,683.77,699.05,678.75,698.53,4553828.0,690.145,28332
2025-06-24,704.88,713.19,702.11,712.2,5946308.0,708.737,37278
2025-06-25,713.32,716.58,705.38,708.68,4098414.0,710.921,25339
2025-06-26,714.36,728.22,711.05,726.09,6263402.0,721.81,38579
2025-06-27,726.51,735.43,725.86,733.63,6254877.0,730.745,38422
2025-06-30,744.55,747.9,734.25,738.09,5764222.0,740.821,34010
2025-07-01,736.88,737.75,715.37,719.22,6337092.0,723.733,42440
2025-07-02,715.33,720.3,712.8,713.57,4287879.0,716.539,26906
2025-07-03,726.53,729.03,714.42,719.01,4086994.0,720.829,25554
2025-07-07,717.6,727.0,713.51,718.35,3564319.0,721.856,22022
2025-07-08,721.99,722.91,714.81,720.67,3279294.0,719.151,21265
2025-07-09,722.72,737.53,722.71,732.78,6000959.0,732.915,39380
2025-07-10,731.55,735.8,719.6,727.24,4196145.0,725.662,26883
2025-07-11,722.25,725.16,709.7,717.51,5384300.0,716.764,33898
2025-07-14,717.6,728.0,716.54,720.92,4241231.0,722.191,26891
2025-07-15,723.9,724.48,709.82,710.39,5625653.0,716.559,35665
2025-07-16,713.37,713.97,699.27,702.91,5833225.0,704.674,37254
2025-07-17,704.95,705.9,697.1,701.41,5354004.0,701.627,33940
2025-07-18,702.18,704.71,691.65,704.28,5308874.0,699.225,28572
2025-07-21,707.0,717.0,705.76,712.97,4101818.0,713.422,26751
2025-07-22,716.19,716.6,701.41,704.81,4074391.0,706.122,26648
2025-07-23,706.37,714.63,704.93,713.58,3780848.0,710.594,24524
2025-07-24,717.49,723.63,714.0,714.8,4801634.0,717.913,30490
2025-07-25,716.61,720.65,711.9,712.68,3588848.0,716.564,22373
2025-07-28,715.2,724.74,712.68,717.63,3956196.0,718.282,24027
2025-07-29,720.0,724.47,700.0,700.0,6362992.0,709.768,41188
2025-07-30,708.09,708.5,691.2,695.21,9338625.0,699.056,59893
2025-07-31,775.98,784.75,765.51,773.44,21724179.0,777.614,133065
2025-08-01,760.63,766.0,745.31,750.01,9617017.0,753.313,59373
2025-08-04,760.26,776.85,758.41,776.37,7994840.0,768.778,46462
2025-08-05,776.72,783.13,763.0,763.46,5895232.0,770.583,37322
2025-08-06,769.74,773.64,760.46,771.99,4466959.0,768.747,26813
2025-08-07,773.49,775.0,759.55,761.83,4162037.0,767.233,24098
2025-08-08,762.75,769.9,758.58,769.3,3283946.0,765.384,19968
2025-08-11,770.19,773.46,764.67,765.87,3331432.0,769.344,20024
2025-08-12,773.0,793.67,772.43,790.0,7628714.0,786.555,44098
2025-08-13,791.15,795.46,778.23,780.08,4337707.0,785.261,24733
2025-08-14,777.88,787.81,772.51,782.13,3755866.0,783.042,22117
2025-08-15,784.15,796.25,780.82,785.23,5424763.0,788.779,31370
2025-08-18,775.09,775.81,756.56,767.37,8923833.0,765.559,50046
2025-08-19,767.12,767.17,749.48,751.48,5918034.0,755.113,35105
2025-08-20,747.57,750.2,731.0,747.72,5710594.0,740.606,33937
2025-08-21,745.54,745.54,733.11,739.1,4118329.0,738.789,24244
2025-08-22,739.23,756.9,734.39,754.79,5145308.0,750.58,30574
2025-08-25,755.1,758.88,750.13,753.3,2534090.0,754.298,14619
2025-08-26,750.74,754.87,747.94,754.1,2260138.0,751.911,13307
2025-08-27,752.3,754.15,742.84,747.38,3158949.0,748.009,18957
2025-08-28,744.0,753.06,740.79,751.11,2855702.0,749.594,17128
2025-08-29,744.49,747.14,735.34,738.7,3883712.0,739.575,22629
2025-09-02,726.04,736.0,721.73,735.11,4140086.0,730.349,24634
2025-09-03,736.0,740.25,733.98,737.05,3258077.0,736.64,20242
2025-09-04,748.57,761.16,745.82,748.65,5619410.0,751.255,36255
2025-09-05,752.62,757.95,745.03,752.45,4432266.0,752.261,27240
2025-09-08,756.0,766.51,752.02,752.3,4277354.0,759.6,26852
2025-09-09,757.49,766.3,753.43,765.7,4133488.0,762.246,25095
2025-09-10,765.17,765.7,751.0,751.98,4685212.0,755.701,28896
2025-09-11,754.91,757.1,748.37,750.9,3447986.0,752.401,20791
2025-09-12,748.65,757.58,743.76,755.59,3196400.0,751.986,19111
2025-09-15,757.47,774.07,751.98,764.7,4765497.0,763.643,29249
2025-09-16,768.0,781.36,765.1,779.0,5287419.0,772.266,33728
2025-09-17,780.0,783.29,766.31,775.72,4305466.0,773.641,27220
2025-09-18,780.75,788.78,773.36,780.25,5385109.0,783.354,34411
2025-09-19,786.42,790.8,769.19,778.38,8643825.0,778.388,44595
2025-09-22,781.85,785.73,764.47,765.16,5381234.0,774.589,31887
2025-09-23,769.03,770.6,751.07,755.4,4252130.0,761.148,26670
2025-09-24,757.5,761.11,752.52,760.66,3277000.0,757.113,21557
2025-09-25,753.45,756.77,744.55,748.91,4641229.0,749.939,28154
2025-09-26,750.0,751.93,737.35,743.75,4050001.0,743.334,23876
2025-09-29,748.72,750.78,739.15,743.4,3964955.0,745.626,25291
2025-09-30,742.25,742.97,726.3,734.38,5828716.0,732.278,36817
2025-10-01,721.49,721.85,710.2,717.34,9944533.0,716.869,60239
2025-10-02,722.58,727.77,718.14,727.05,5043750.0,723.328,30616
2025-10-03,729.63,731.0,710.18,710.56,7884380.0,717.118,48782
2025-10-06,704.99,716.88,690.51,715.66,11414013.0,704.736,64330
2025-10-07,717.72,718.5,705.75,713.08,5062078.0,711.296,29719
2025-10-08,713.45,719.65,707.81,717.84,4928953.0,715.617,27527
2025-10-09,718.28,733.51,712.44,733.51,5987123.0,724.964,35126
2025-10-10,730.96,735.27,704.51,705.3,7396550.0,717.226,45368
2025-10-13,713.01,719.94,707.64,715.7,4025061.0,714.088,22633
2025-10-14,707.78,715.55,699.33,708.65,3640852.0,708.877,22317
2025-10-15,717.06,723.9,709.51,717.55,4224022.0,717.74,24598
2025-10-16,717.37,725.49,703.88,712.07,4339106.0,714.641,26438
2025-10-17,707.08,718.54,706.12,716.91,4047512.0,712.546,22073
2025-10-20,721.19,733.77,720.18,732.17,4318527.0,730.173,26558
2025-10-21,736.0,738.5,728.75,733.27,3168676.0,732.915,18405
2025-10-22,733.83,740.6,724.03,733.41,3760480.0,732.262,23002
2025-10-23,734.7,742.41,733.1,734.0,4189440.0,737.83,23697
2025-10-24,736.79,741.21,731.15,738.36,3934976.0,736.206,22403
2025-10-27,749.73,755.75,748.01,750.82,4973680.0,751.723,30627
2025-10-28,752.63,758.4,745.52,751.44,6103790.0,752.747,37707
2025-10-29,754.75,759.16,742.51,751.67,7827460.0,749.354,48436
2025-10-30,669.19,680.96,650.2,666.47,45560209.0,666.077,273072
2025-10-31,674.56,674.89,645.57,648.35,29428763.0,655.024,168520
2025-11-03,656.0,659.33,636.18,637.71,20866992.0,648.201,195658
2025-11-04,628.18,641.74,626.05,627.32,15962838.0,631.896,168153
2025-11-05,632.49,642.23,626.53,635.95,11371070.0,636.026,114006
2025-11-06,635.55,636.0,618.0,618.94,13829019.0,623.701,154193
2025-11-07,616.49,622.14,601.2,621.71,17657337.0,610.062,184695
2025-11-10,631.1,635.0,623.23,631.76,10441500.0,631.535,108674
2025-11-11,628.0,629.56,619.39,627.08,7869671.0,624.616,84111
2025-11-12,628.13,628.99,607.77,609.01,16908474.0,613.413,175138
2025-11-13,613.07,617.65,603.0,609.89,13196374.0,609.412,131476
2025-11-14,601.79,613.68,595.2,609.46,12584225.0,607.586,122488
2025-11-17,609.55,611.69,595.4,602.01,9460783.0,603.351,98510
2025-11-18,591.59,603.66,583.78,597.69,16327509.0,593.591,158390
2025-11-19,593.72,595.33,581.25,590.32,15238698.0,587.583,144868
2025-11-20,603.46,606.72,583.35,589.15,13517841.0,593.869,134291
2025-11-21,588.5,598.12,581.86,594.25,12204152.0,590.908,119071
2025-11-24,598.73,616.7,597.63,613.05,12423688.0,611.232,122110
2025-11-25,624.01,637.05,618.3,636.22,16223755.0,628.528,155605
2025-11-26,637.43,638.36,631.63,633.61,8103733.0,635.333,77161
2025-11-28,636.08,648.04,635.5,647.95,6324611.0,643.0,62928
2025-12-01,639.55,645.32,637.76,640.87,7026826.0,641.509,69701
2025-12-02,642.34,647.87,638.07,647.1,6857509.0,643.997,67867
2025-12-03,644.4,648.85,637.55,639.6,6177819.0,643.658,63367
2025-12-04,676.0,676.1,660.05,661.53,18021821.0,665.164,179958
2025-12-05,664.0,674.69,662.39,673.42,10823368.0,670.594,107492
2025-12-08,669.34,676.71,665.07,666.8,6834187.0,668.873,73329
2025-12-09,663.76,664.48,653.34,656.96,6878539.0,656.85,70207
2025-12-10,649.95,654.51,643.39,650.13,9419552.0,648.827,98666
2025-12-11,643.56,655.28,640.79,652.71,6891402.0,649.885,75210
2025-12-12,649.56,652.01,638.61,644.23,8579412.0,645.193,90478
2025-12-15,645.99,653.0,638.7,647.51,8149705.0,647.632,87748
2025-12-16,643.5,662.54,643.2,657.15,7683604.0,654.111,82959
2025-12-17,655.43,661.23,649.2,649.5,7250060.0,655.798,81632
2025-12-18,657.02,670.56,656.46,664.45,8246767.0,664.665,101064
2025-12-19,666.19,671.0,658.18,658.77,12151990.0,665.092,112897
2025-12-22,661.49,673.58,656.65,661.5,9755079.0,662.26,96186
2025-12-23,660.05,666.0,658.25,664.94,4578610.0,663.907,48039
2025-12-24,662.36,668.18,662.2,667.55,2547074.0,666.341,27332
2025-12-26,668.39,668.95,661.32,663.29,4220845.0,664.042,41339
2025-12-29,658.02,660.25,654.39,658.69,4547139.0,657.571,46273
2025-12-30,658.69,672.22,657.84,665.95,5874433.0,666.835,56666
2025-12-31,664.9,665.0,659.44,660.09,4096719.0,662.115,41627
2026-01-02,663.04,664.39,643.5,650.41,8229634.0,652.07,86678
2026-01-05,651.01,664.54,647.75,658.79,6867130.0,660.112,76760
2026-01-06,659.57,665.52,651.9,660.62,6759905.0,657.831,66239
2026-01-07,655.74,659.15,644.81,648.69,8014475.0,650.637,83020
2026-01-08,646.04,647.11,635.72,646.06,6818754.0,642.085,73867
2026-01-09,645.44,654.95,642.85,653.06,7341527.0,650.717,81979
2026-01-12,652.52,653.97,641.22,641.97,8337348.0,647.277,81867
2026-01-13,642.27,642.39,624.1,631.09,11770389.0,629.53,118344
2026-01-14,626.5,628.45,614.83,615.52,8692806.0,619.009,94430
2026-01-15,618.48,624.17,614.23,620.8,7309297.0,619.979,78644
2026-01-16,623.86,629.08,620.08,620.25,7649121.0,624.417,75866
2026-01-20,608.11,611.4,600.0,604.12,8489764.0,606.36,89828
2026-01-21,606.74,618.27,600.08,612.96,8361532.0,609.67,86059
2026-01-22,629.35,660.57,626.55,647.63,14572717.0,640.278,152357
2026-01-23,644.78,666.49,644.27,658.76,13799787.0,659.428,145658
2026-01-26,664.98,675.28,661.28,672.36,9896146.0,671.216,102348
2026-01-27,674.59,676.82,664.66,672.97,8515312.0,670.943,90031
2026-01-28,674.5,677.68,666.1,668.73,9378178.0,671.859,96455
2026-01-29,737.45,744.0,712.55,738.31,39238000.0,728.425,397506
2026-01-30,728.06,732.17,713.59,716.5,14516897.0,719.881,144788
2026-02-02,714.39,721.3,703.52,706.41,8943075.0,709.554,94276
2026-02-03,707.37,717.0,686.41,691.7,8646759.0,696.949,90789
2026-02-04,687.99,688.83,667.46,668.99,10356275.0,673.931,107530
2026-02-05,663.54,681.5,653.5,670.21,10511042.0,671.08,113971
2026-02-06,665.37,671.99,646.5,661.46,11248826.0,658.526,115651
2026-02-09,663.18,683.31,658.78,677.22,9943363.0,674.35,105567
2026-02-10,677.13,680.65,669.79,670.72,6052771.0,673.276,61064
2026-02-11,674.0,679.27,657.1,668.69,9819584.0,667.724,106061
2026-02-12,669.98,676.0,645.28,649.81,9598153.0,654.964,105164
2026-02-13,645.1,651.43,634.57,639.77,7228581.0,644.261,76509
2026-02-17,639.5,642.6,628.8,639.29,7054337.0,637.031,77841
2026-02-18,633.8,645.0,628.14,643.22,9941937.0,638.334,104120
2026-02-19,638.57,647.19,636.72,644.78,6100850.0,643.415,59321
2026-02-20,639.73,663.35,638.78,655.66,7411218.0,654.527,76686
2026-02-23,652.9,657.7,636.0,637.25,5489162.0,643.814,58024
2026-02-24,633.08,641.11,628.98,639.3,5503535.0,636.636,58518
2026-02-25,642.53,653.88,642.14,653.69,5735936.0,649.999,61784
2026-02-26,650.43,661.0,647.5,657.01,5875366.0,655.168,62987
2026-02-27,643.45,649.44,638.12,648.18,6986930.0,643.929,77551
2026-03-02,637.18,659.94,634.5,653.56,5267261.0,651.963,60267
2026-03-03,648.37,659.04,638.84,655.08,6051131.0,650.733,65206
2026-03-04,657.96,672.77,657.67,667.73,6188430.0,667.304,68423
2026-03-05,661.93,670.7,650.31,660.57,6844835.0,659.489,74193
2026-03-06,648.01,649.47,636.11,644.86,6870602.0,643.897,73032
2026-03-09,634.94,647.75,626.78,647.39,7801184.0,635.751,77231
2026-03-10,653.78,660.3,649.0,654.07,5852294.0,655.743,63974
2026-03-11,654.76,659.12,648.36,654.86,4796819.0,653.55,51526
2026-03-12,648.42,653.5,636.9,638.18,5385868.0,641.696,60771
2026-03-13,623.63,629.17,609.72,613.71,12421213.0,618.006,127590
2026-03-16,632.55,634.75,623.1,627.45,9305465.0,628.289,96666
2026-03-17,628.56,636.55,621.7,622.66,5901418.0,627.754,63551
2026-03-18,616.45,622.65,614.61,615.68,6189909.0,618.459,72692
2026-03-19,612.29,613.0,602.26,606.7,7154063.0,607.117,80114
2026-03-20,603.16,603.96,587.25,593.66,9909301.0,595.318,92289
2026-03-23,605.36,608.64,599.01,604.06,7262316.0,604.424,81526
2026-03-24,599.46,601.0,591.0,592.92,5834440.0,594.906,63110
2026-03-25,598.23,603.67,593.4,594.89,8553488.0,597.917,87439
2026-03-26,582.41,583.0,543.35,547.54,24607736.0,558.357,246754
2026-03-27,540.2,543.6,520.26,525.72,19594516.0,529.008,198010
2026-03-30,536.38,537.2,528.54,532.89,4016934.0,532.898,39676
